id,us_votes,non_us_votes,us_rating,non_us_rating
tt0097766/,"
59
","
97
",7.6,6.6
tt0100267/,"
18
","
117
",6.6,6.4
tt0101616/,"
247
","
1,590
",6.4,6.2
tt0105298/,"
61
","
200
",5.6,5.5
tt0106616/,"
6
","
75
",3.8,5.1
tt0107537/,"
108
","
121
",7.1,6.5
tt0107764/,"
160
","
132
",4.3,4.3
tt0108576/,"
86
","
65
",4.0,3.8
tt0109028/,"
325
","
892
",7.3,6.9
tt0109033/,"
60
","
67
",3.9,3.2
tt0109034/,"
543
","
833
",6.7,6.7
tt0109137/,"
12
","
142
",8.1,6.1
tt0109178/,"
172
","
378
",5.4,5.2
tt0109266/,"
214
","
156
",6.5,6.3
tt0109271/,"
96
","
122
",3.9,4.0
tt0109370/,"
5,967
","
5,975
",5.8,6.0
tt0109380/,"
55
","
765
",6.9,6.7
tt0109385/,"
15
","
106
",6.0,6.5
tt0109400/,"
111
","
104
",4.9,4.8
tt0109415/,"
1,986
","
3,258
",4.2,4.1
tt0109532/,"
73
","
86
",5.1,4.5
tt0109536/,"
198
","
103
",4.3,3.9
tt0109546/,"
120
","
149
",5.1,4.3
tt0109593/,"
474
","
1,009
",4.8,4.7
tt0109596/,"
123
","
286
",1.8,2.1
tt0109642/,"
10,683
","
17,813
",7.4,7.4
tt0109723/,"
1,953
","
2,362
",4.8,4.1
tt0109735/,"
32
","
152
",5.9,5.6
tt0109760/,"
168
","
298
",5.0,4.6
tt0109775/,"
107
","
105
",4.5,4.2
tt0109811/,"
135
","
156
",5.3,4.7
tt0109896/,"
9
","
244
",3.7,5.8
tt0109905/,"
69
","
300
",3.2,2.8
tt0109949/,"
274
","
715
",7.2,6.8
tt0109991/,"
61
","
83
",6.8,6.5
tt0110006/,"
13,463
","
4,956
",6.9,5.9
tt0110036/,"
53
","
778
",6.5,6.0
tt0110045/,"
15
","
82
",7.0,5.2
tt0110051/,"
36
","
67
",6.7,6.7
tt0110061/,"
60
","
99
",4.6,3.7
tt0110066/,"
2,897
","
1,190
",6.0,5.7
tt0110170/,"
8
","
85
",6.8,6.0
tt0110189/,"
1,307
","
528
",4.7,4.6
tt0110215/,"
152
","
164
",5.5,5.3
tt0110252/,"
63
","
53
",6.7,6.5
tt0110278/,"
56
","
392
",7.4,7.1
tt0110313/,"
121
","
158
",5.3,4.7
tt0110323/,"
6
","
87
",6.4,6.7
tt0110330/,"
30
","
190
",5.9,6.3
tt0110355/,"
14
","
101
",6.6,5.8
tt0110400/,"
301
","
135
",6.0,6.1
tt0110443/,"
10,306
","
11,634
",6.3,6.0
tt0110484/,"
12
","
200
",4.9,4.7
tt0110489/,"
41
","
117
",5.0,4.9
tt0110508/,"
77
","
201
",4.6,4.6
tt0110568/,"
17
","
139
",5.4,5.8
tt0110577/,"
39
","
84
",6.1,6.2
tt0110604/,"
1,066
","
2,899
",6.8,6.7
tt0110661/,"
8
","
130
",2.5,4.0
tt0110668/,"
485
","
691
",5.9,5.8
tt0110675/,"
270
","
347
",4.4,4.5
tt0110724/,"
74
","
9
",5.5,2.7
tt0110803/,"
201
","
340
",5.8,5.7
tt0110826/,"
33
","
57
",4.2,5.8
tt0110843/,"
131
","
77
",6.2,5.8
tt0110846/,"
187
","
164
",6.4,5.6
tt0110847/,"
65
","
140
",3.7,4.1
tt0110864/,"
9
","
82
",7.5,5.8
tt0110871/,"
18
","
125
",6.0,6.8
tt0110978/,"
7,055
","
7,761
",3.5,3.1
tt0110979/,"
191
","
308
",4.1,3.8
tt0111058/,"
27
","
279
",5.7,6.5
tt0111068/,"
241
","
1,670
",6.4,6.6
tt0111125/,"
239
","
385
",5.2,4.9
tt0111151/,"
148
","
299
",4.0,3.5
tt0111198/,"
20
","
81
",5.9,6.6
tt0111244/,"
367
","
410
",4.0,3.9
tt0111264/,"
550
","
334
",4.8,4.9
tt0111285/,"
30
","
110
",4.8,4.6
tt0111354/,"
27
","
58
",7.3,6.8
tt0111359/,"
1,898
","
697
",6.0,5.5
tt0111431/,"
360
","
59
",4.1,3.5
tt0111464/,"
178
","
264
",3.3,3.3
tt0111536/,"
15
","
108
",1.0,6.9
tt0111681/,"
77
","
97
",6.0,5.4
tt0111767/,"
77
","
382
",7.9,7.7
tt0111788/,"
24
","
74
",5.5,6.5
tt0112074/,"
65
","
18
",3.0,2.5
tt0112257/,"
354
","
399
",6.4,6.4
tt0112258/,"
28
","
659
",4.6,4.0
tt0112274/,"
3
","
126
",4.5,6.1
tt0112281/,"
37,887
","
98,392
",6.2,6.4
tt0112286/,"
92
","
107
",5.7,6.4
tt0112288/,"
2,069
","
4,949
",6.3,6.5
tt0112291/,"
39
","
130
",4.9,5.7
tt0112302/,"
4,757
","
2,530
",5.6,5.2
tt0112304/,"
16
","
280
",6.0,5.8
tt0112306/,"
52
","
76
",5.1,4.3
tt0112313/,"
394
","
2,377
",6.9,7.0
tt0112316/,"
17
","
77
",5.9,4.6
tt0112320/,"
199
","
309
",3.0,2.8
tt0112322/,"
38
","
141
",6.8,6.0
tt0112323/,"
26
","
96
",3.9,5.0
tt0112342/,"
1,239
","
1,504
",5.7,5.7
tt0112346/,"
18,631
","
18,522
",7.1,6.6
tt0112348/,"
31
","
370
",5.5,6.3
tt0112352/,"
53
","
300
",5.5,6.6
tt0112359/,"
27
","
153
",5.0,5.1
tt0112362/,"
239
","
709
",7.3,6.9
tt0112364/,"
345
","
286
",6.6,6.1
tt0112365/,"
1,575
","
1,614
",7.0,6.8
tt0112366/,"
105
","
2,084
",5.7,5.9
tt0112368/,"
3,442
","
1,327
",6.8,6.3
tt0112375/,"
6
","
72
",5.7,6.4
tt0112379/,"
1,969
","
4,006
",7.5,7.4
tt0112380/,"
23
","
151
",6.0,6.0
tt0112384/,"
62,687
","
116,667
",7.9,7.5
tt0112386/,"
40
","
701
",6.8,7.0
tt0112387/,"
214
","
1,325
",6.7,6.8
tt0112401/,"
12,056
","
42,593
",6.2,6.3
tt0112403/,"
31
","
457
",6.7,6.8
tt0112407/,"
18
","
153
",5.0,5.0
tt0112408/,"
416
","
346
",4.0,3.6
tt0112410/,"
13
","
209
",5.8,6.8
tt0112416/,"
16
","
65
",6.4,6.2
tt0112418/,"
74
","
173
",3.2,3.4
tt0112427/,"
699
","
1,227
",6.0,5.9
tt0112431/,"
27,226
","
53,518
",7.2,6.6
tt0112435/,"
2,225
","
1,711
",5.8,5.5
tt0112438/,"
1,457
","
1,997
",4.4,4.2
tt0112439/,"
51
","
49
",4.4,5.0
tt0112440/,"
107
","
135
",3.1,3.2
tt0112442/,"
37,391
","
118,210
",6.8,6.8
tt0112443/,"
912
","
1,172
",5.6,5.3
tt0112444/,"
479
","
743
",5.3,5.5
tt0112445/,"
950
","
3,806
",7.6,7.7
tt0112446/,"
237
","
1,323
",6.3,6.2
tt0112451/,"
84
","
122
",5.1,4.6
tt0112453/,"
10,445
","
15,760
",6.9,7.1
tt0112459/,"
123
","
647
",5.1,5.3
tt0112460/,"
21
","
192
",5.0,7.0
tt0112461/,"
18,743
","
50,822
",7.2,7.3
tt0112462/,"
52,143
","
104,912
",5.5,5.4
tt0112466/,"
135
","
142
",3.4,3.2
tt0112471/,"
34,107
","
136,613
",8.1,8.1
tt0112473/,"
112
","
29
",6.2,5.7
tt0112480/,"
50
","
1,325
",5.9,5.8
tt0112483/,"
564
","
971
",4.8,4.8
tt0112491/,"
25
","
310
",6.0,7.1
tt0112494/,"
158
","
91
",4.5,4.6
tt0112495/,"
1,286
","
2,273
",6.6,6.6
tt0112499/,"
4,712
","
1,932
",5.6,5.2
tt0112503/,"
283
","
176
",2.9,3.4
tt0112504/,"
324
","
394
",4.3,4.7
tt0112508/,"
46,804
","
43,067
",6.7,6.0
tt0112509/,"
54
","
43
",4.5,5.5
tt0112513/,"
380
","
561
",7.6,7.1
tt0112515/,"
216
","
234
",6.0,5.7
tt0112519/,"
361
","
461
",5.4,4.2
tt0112525/,"
105
","
95
",3.9,3.1
tt0112527/,"
482
","
380
",6.1,5.8
tt0112537/,"
521
","
1,380
",4.9,5.3
tt0112541/,"
1,313
","
5,247
",6.3,6.8
tt0112546/,"
286
","
913
",6.8,6.4
tt0112547/,"
77
","
154
",5.1,4.9
tt0112553/,"
1,091
","
5,461
",7.8,8.1
tt0112556/,"
145
","
1,752
",6.7,7.0
tt0112557/,"
24
","
96
",6.6,5.9
tt0112562/,"
87
","
928
",6.6,6.7
tt0112564/,"
34
","
275
",5.4,6.0
tt0112568/,"
82
","
118
",4.9,5.0
tt0112571/,"
4,082
","
4,290
",6.4,6.4
tt0112572/,"
10,394
","
4,641
",6.2,5.8
tt0112573/,"
160,967
","
409,809
",8.4,8.3
tt0112574/,"
120
","
117
",5.3,5.3
tt0112575/,"
98
","
129
",6.7,6.3
tt0112579/,"
11,415
","
39,431
",7.2,7.7
tt0112580/,"
85
","
36
",3.1,3.7
tt0112586/,"
21
","
82
",6.0,6.6
tt0112588/,"
9
","
138
",2.1,5.7
tt0112593/,"
19
","
108
",5.8,6.2
tt0112602/,"
2,430
","
1,801
",5.5,5.5
tt0112604/,"
358
","
1,007
",6.2,6.4
tt0112606/,"
2,927
","
1,682
",6.2,6.0
tt0112607/,"
55
","
122
",6.9,6.8
tt0112608/,"
15
","
201
",5.5,4.7
tt0112609/,"
105
","
971
",6.8,7.1
tt0112611/,"
128
","
147
",5.7,5.6
tt0112612/,"
47
","
59
",4.0,4.3
tt0112613/,"
187
","
111
",3.9,3.6
tt0112618/,"
41
","
59
",3.3,3.8
tt0112619/,"
526
","
1,490
",7.2,7.4
tt0112621/,"
16
","
212
",4.4,6.3
tt0112625/,"
3,584
","
4,877
",5.4,5.1
tt0112626/,"
112
","
97
",4.6,4.9
tt0112628/,"
178
","
181
",4.5,4.6
tt0112634/,"
830
","
713
",3.9,3.5
tt0112637/,"
1,245
","
2,466
",6.8,6.9
tt0112640/,"
14
","
102
",7.0,5.5
tt0112641/,"
85,828
","
208,504
",8.2,8.1
tt0112642/,"
26,545
","
53,593
",6.2,6.0
tt0112649/,"
132
","
200
",3.8,3.0
tt0112654/,"
264
","
785
",6.4,6.2
tt0112656/,"
105
","
206
",6.7,5.8
tt0112659/,"
14
","
78
",5.1,7.2
tt0112660/,"
36
","
122
",4.4,5.0
tt0112665/,"
25
","
131
",5.7,6.9
tt0112672/,"
45
","
165
",5.7,5.5
tt0112679/,"
3,109
","
2,582
",6.8,6.4
tt0112682/,"
14,179
","
33,385
",7.7,7.5
tt0112688/,"
6,126
","
9,271
",6.9,6.9
tt0112690/,"
24
","
168
",6.3,6.3
tt0112697/,"
46,591
","
68,570
",7.1,6.6
tt0112699/,"
21
","
70
",6.7,5.5
tt0112700/,"
85
","
153
",4.3,4.2
tt0112702/,"
958
","
1,719
",6.8,6.7
tt0112704/,"
13
","
58
",8.8,6.7
tt0112710/,"
91
","
806
",7.0,7.4
tt0112712/,"
71
","
179
",4.9,4.8
tt0112714/,"
136
","
1,003
",6.9,7.6
tt0112715/,"
13,518
","
17,066
",5.3,5.1
tt0112716/,"
194
","
502
",5.6,6.1
tt0112722/,"
11,315
","
27,924
",6.7,6.5
tt0112724/,"
9
","
120
",6.3,5.8
tt0112729/,"
75
","
96
",3.8,3.4
tt0112732/,"
102
","
212
",5.7,5.3
tt0112735/,"
138
","
48
",4.8,4.4
tt0112740/,"
24,656
","
46,951
",7.4,7.2
tt0112744/,"
3,245
","
6,308
",6.2,6.3
tt0112749/,"
787
","
517
",7.0,6.7
tt0112750/,"
948
","
7,829
",6.1,6.5
tt0112757/,"
2,590
","
3,862
",7.5,7.6
tt0112759/,"
60
","
122
",5.9,6.2
tt0112760/,"
5,079
","
14,185
",5.5,5.7
tt0112761/,"
68
","
50
",3.0,3.7
tt0112763/,"
128
","
285
",4.6,3.9
tt0112764/,"
54
","
60
",3.8,3.1
tt0112766/,"
77
","
199
",3.5,3.3
tt0112767/,"
785
","
2,739
",7.2,7.2
tt0112769/,"
1,491
","
6,378
",7.6,7.5
tt0112772/,"
45
","
218
",6.4,5.9
tt0112775/,"
16
","
120
",6.1,6.0
tt0112777/,"
114
","
15
",6.9,6.6
tt0112778/,"
786
","
3,488
",7.5,7.7
tt0112779/,"
18
","
124
",5.8,6.5
tt0112791/,"
147
","
158
",6.3,5.7
tt0112792/,"
8,856
","
25,800
",6.3,6.5
tt0112793/,"
71
","
112
",4.1,4.3
tt0112800/,"
413
","
1,898
",7.2,7.0
tt0112804/,"
101
","
79
",3.5,3.4
tt0112814/,"
32
","
58
",5.3,4.9
tt0112817/,"
16,375
","
48,603
",7.5,7.6
tt0112818/,"
18,949
","
43,977
",7.5,7.5
tt0112819/,"
7,533
","
6,855
",6.9,6.8
tt0112829/,"
42
","
92
",4.7,4.1
tt0112830/,"
111
","
206
",4.3,4.7
tt0112839/,"
74
","
204
",5.0,4.5
tt0112843/,"
349
","
425
",4.5,4.4
tt0112844/,"
357
","
530
",6.5,6.7
tt0112851/,"
29,445
","
89,973
",7.2,7.1
tt0112853/,"
57
","
55
",3.5,3.7
tt0112854/,"
676
","
948
",4.2,4.7
tt0112857/,"
5,793
","
7,696
",7.0,6.5
tt0112862/,"
27
","
117
",6.7,6.8
tt0112864/,"
63,353
","
178,226
",7.6,7.5
tt0112867/,"
153
","
358
",4.7,5.0
tt0112870/,"
4,537
","
27,617
",7.8,8.0
tt0112873/,"
511
","
1,457
",1.9,1.7
tt0112874/,"
24
","
169
",6.3,5.8
tt0112882/,"
83
","
111
",5.1,4.7
tt0112886/,"
79
","
131
",5.1,4.7
tt0112887/,"
5,034
","
6,137
",5.8,6.2
tt0112895/,"
983
","
1,052
",4.3,4.6
tt0112896/,"
8,258
","
19,859
",5.8,5.8
tt0112906/,"
277
","
355
",4.1,4.0
tt0112907/,"
420
","
321
",6.3,6.4
tt0112909/,"
20
","
114
",5.0,4.9
tt0112913/,"
5,203
","
15,793
",7.7,7.6
tt0112914/,"
17
","
150
",5.6,6.6
tt0112916/,"
28
","
108
",4.8,4.9
tt0112922/,"
2,172
","
12,329
",7.3,7.4
tt0112924/,"
43
","
57
",6.1,5.7
tt0112933/,"
29
","
232
",5.3,5.5
tt0112934/,"
42
","
611
",6.5,6.8
tt0112939/,"
181
","
355
",6.1,5.8
tt0112941/,"
20
","
182
",6.8,6.9
tt0112945/,"
129
","
1,273
",7.0,6.6
tt0112950/,"
18,195
","
17,086
",6.8,6.5
tt0112951/,"
17
","
176
",6.6,6.6
tt0112955/,"
19
","
621
",4.2,5.2
tt0112961/,"
28
","
103
",7.9,6.9
tt0112964/,"
35
","
79
",7.0,6.9
tt0112966/,"
3,485
","
8,213
",6.7,6.6
tt0112980/,"
11
","
171
",7.2,7.0
tt0112993/,"
349
","
480
",5.3,5.5
tt0112995/,"
103
","
201
",4.3,3.9
tt0112998/,"
70
","
293
",3.6,4.3
tt0113007/,"
16
","
79
",5.7,5.5
tt0113010/,"
2,709
","
6,320
",4.0,4.3
tt0113014/,"
701
","
648
",5.3,5.6
tt0113027/,"
11
","
153
",6.9,7.2
tt0113028/,"
1,041
","
893
",6.3,6.3
tt0113029/,"
2
","
119
",7.0,5.3
tt0113030/,"
13
","
203
",6.9,5.5
tt0113041/,"
10,093
","
14,006
",6.1,5.9
tt0113043/,"
424
","
507
",3.9,3.6
tt0113044/,"
151
","
235
",6.2,6.1
tt0113049/,"
126
","
875
",4.7,5.2
tt0113054/,"
23
","
190
",6.5,7.0
tt0113057/,"
357
","
916
",7.1,6.9
tt0113059/,"
57
","
872
",5.5,5.4
tt0113061/,"
64
","
49
",6.9,5.8
tt0113063/,"
197
","
660
",5.8,5.5
tt0113066/,"
76
","
54
",3.9,3.8
tt0113071/,"
13,486
","
33,974
",6.0,5.9
tt0113074/,"
780
","
1,531
",4.0,3.9
tt0113075/,"
64
","
134
",4.6,4.7
tt0113080/,"
483
","
912
",6.2,6.3
tt0113081/,"
94
","
2,257
",5.2,5.4
tt0113083/,"
1,496
","
6,288
",7.1,7.0
tt0113089/,"
1,456
","
3,225
",6.3,6.7
tt0113093/,"
75
","
103
",5.3,3.9
tt0113097/,"
4,071
","
4,239
",6.3,6.5
tt0113099/,"
71
","
20
",6.9,3.9
tt0113101/,"
17,447
","
51,116
",6.5,6.8
tt0113105/,"
97
","
52
",3.6,4.0
tt0113107/,"
293
","
287
",6.9,6.4
tt0113111/,"
55
","
33
",3.8,4.1
tt0113114/,"
3,535
","
8,360
",4.9,5.0
tt0113115/,"
13
","
301
",6.7,6.9
tt0113116/,"
41
","
83
",5.1,4.8
tt0113117/,"
10,026
","
22,647
",6.6,6.5
tt0113118/,"
31,381
","
34,987
",7.5,7.0
tt0113119/,"
173
","
358
",4.8,4.5
tt0113121/,"
131
","
70
",7.0,5.7
tt0113122/,"
264
","
207
",5.0,4.9
tt0113133/,"
931
","
1,569
",6.8,6.8
tt0113140/,"
335
","
443
",3.5,3.4
tt0113142/,"
1,092
","
1,066
",7.1,6.5
tt0113145/,"
55
","
339
",7.0,6.7
tt0113149/,"
671
","
2,718
",6.4,6.4
tt0113151/,"
74
","
367
",6.5,6.8
tt0113153/,"
1,199
","
2,346
",6.6,6.5
tt0113158/,"
1,114
","
1,040
",6.4,6.7
tt0113161/,"
21,684
","
34,637
",7.1,6.8
tt0113168/,"
39
","
106
",7.5,6.0
tt0113172/,"
13
","
178
",4.3,4.8
tt0113173/,"
54
","
113
",5.1,5.7
tt0113175/,"
126
","
69
",5.0,3.8
tt0113186/,"
17
","
126
",5.7,7.2
tt0113187/,"
2,048
","
1,752
",7.1,6.6
tt0113188/,"
1,486
","
1,539
",6.1,5.8
tt0113189/,"
48,104
","
115,561
",7.4,7.1
tt0113194/,"
320
","
1,380
",6.8,6.8
tt0113198/,"
15,209
","
16,699
",7.0,6.6
tt0113200/,"
46
","
228
",6.1,3.8
tt0113205/,"
8
","
94
",7.2,6.5
tt0113211/,"
1,744
","
800
",7.3,6.2
tt0113221/,"
472
","
364
",2.2,2.4
tt0113224/,"
123
","
325
",5.3,5.6
tt0113228/,"
9,022
","
8,754
",6.7,6.6
tt0113230/,"
49
","
68
",5.7,5.7
tt0113233/,"
93
","
93
",6.8,6.2
tt0113234/,"
437
","
166
",6.2,6.0
tt0113238/,"
207
","
244
",6.9,6.3
tt0113241/,"
745
","
354
",6.5,6.1
tt0113243/,"
16,147
","
30,512
",6.3,6.1
tt0113247/,"
14,356
","
85,379
",8.0,8.0
tt0113249/,"
263
","
388
",4.6,4.6
tt0113253/,"
10,758
","
11,306
",4.9,4.7
tt0113256/,"
249
","
544
",7.1,7.1
tt0113259/,"
209
","
135
",3.9,3.8
tt0113260/,"
52
","
67
",4.6,4.7
tt0113269/,"
1,550
","
3,185
",6.4,6.1
tt0113273/,"
95
","
316
",8.2,7.0
tt0113276/,"
51
","
103
",5.4,4.9
tt0113277/,"
97,143
","
274,728
",8.3,8.2
tt0113278/,"
651
","
484
",4.0,4.0
tt0113280/,"
1,422
","
1,840
",6.9,6.7
tt0113281/,"
176
","
413
",6.5,6.1
tt0113292/,"
186
","
652
",6.4,6.2
tt0113303/,"
1,901
","
2,832
",5.4,5.3
tt0113305/,"
7,226
","
5,896
",6.5,6.5
tt0113312/,"
50
","
442
",6.9,6.4
tt0113319/,"
83
","
61
",5.9,5.6
tt0113321/,"
5,133
","
3,568
",6.7,6.3
tt0113326/,"
9,216
","
18,476
",6.8,6.7
tt0113328/,NA,"
83
",-,7.1
tt0113337/,"
59
","
157
",6.7,6.2
tt0113347/,"
3,014
","
4,585
",6.3,6.2
tt0113350/,"
63
","
213
",6.1,6.0
tt0113351/,"
29
","
164
",6.8,6.9
tt0113356/,"
291
","
1,159
",6.7,6.9
tt0113359/,"
21
","
521
",6.2,5.5
tt0113360/,"
1,183
","
2,503
",6.2,5.8
tt0113361/,"
138
","
155
",4.7,4.4
tt0113362/,"
1,047
","
3,094
",7.2,7.0
tt0113364/,"
8
","
128
",6.5,5.9
tt0113368/,"
229
","
389
",5.0,4.9
tt0113369/,"
42
","
33
",3.2,4.2
tt0113375/,"
184
","
4,402
",7.2,7.3
tt0113376/,"
1,438
","
957
",4.7,4.7
tt0113394/,"
425
","
573
",5.6,5.4
tt0113403/,"
543
","
1,152
",7.4,7.1
tt0113406/,"
93
","
110
",4.9,4.4
tt0113409/,"
13,388
","
31,483
",7.1,7.1
tt0113416/,"
1,395
","
1,588
",6.7,6.3
tt0113418/,"
77
","
108
",3.7,4.1
tt0113419/,"
9,917
","
8,749
",6.0,5.9
tt0113420/,"
20
","
155
",7.5,7.0
tt0113425/,"
74
","
170
",5.5,5.3
tt0113429/,"
357
","
953
",7.2,7.1
tt0113436/,"
13
","
305
",4.9,4.5
tt0113438/,"
420
","
521
",3.5,3.1
tt0113440/,"
14
","
167
",5.0,6.4
tt0113442/,"
5,175
","
9,059
",5.8,5.7
tt0113444/,"
4
","
88
",7.5,5.9
tt0113448/,"
699
","
2,951
",6.6,6.6
tt0113449/,"
643
","
397
",3.3,3.1
tt0113451/,"
3,194
","
5,522
",5.1,5.3
tt0113455/,"
7
","
105
",4.7,5.3
tt0113459/,"
7
","
73
",4.5,5.4
tt0113463/,"
1,000
","
1,173
",5.7,5.8
tt0113464/,"
2,245
","
1,715
",6.9,6.5
tt0113466/,"
18
","
56
",7.0,6.3
tt0113475/,"
118
","
689
",7.0,6.8
tt0113481/,"
13,678
","
34,282
",5.4,5.7
tt0113482/,"
12
","
80
",5.5,5.5
tt0113490/,"
404
","
268
",6.6,6.3
tt0113492/,"
20,510
","
56,647
",5.4,5.6
tt0113497/,"
52,492
","
141,047
",7.0,7.0
tt0113501/,"
5,510
","
12,545
",6.4,6.4
tt0113510/,"
34
","
1,288
",4.7,4.9
tt0113515/,"
8
","
87
",6.7,6.6
tt0113523/,"
83
","
363
",7.8,7.5
tt0113526/,"
821
","
6,864
",6.6,6.7
tt0113530/,"
14
","
92
",6.6,6.9
tt0113533/,"
590
","
491
",5.1,5.0
tt0113535/,"
161
","
73
",5.8,5.9
tt0113537/,"
4,648
","
4,195
",7.0,6.6
tt0113538/,"
2,820
","
1,486
",4.9,4.4
tt0113540/,"
17,883
","
34,003
",7.0,7.0
tt0113541/,"
134
","
112
",5.5,4.4
tt0113542/,"
390
","
1,280
",6.3,6.3
tt0113546/,"
54
","
36
",4.2,3.1
tt0113547/,"
20
","
173
",6.3,6.4
tt0113552/,"
4,742
","
8,971
",6.0,5.9
tt0113556/,"
17
","
619
",6.2,6.6
tt0113557/,"
343
","
1,041
",7.2,7.3
tt0113564/,"
53
","
84
",5.2,5.2
tt0113568/,"
19,172
","
64,836
",7.9,8.0
tt0113571/,"
17
","
87
",6.3,7.0
tt0113575/,"
5
","
96
",3.5,4.5
tt0113576/,"
117
","
534
",5.9,4.2
tt0113580/,"
69
","
1,620
",6.9,7.0
tt0113581/,"
14
","
232
",6.3,6.4
tt0113588/,"
16
","
82
",7.1,6.2
tt0113598/,"
34
","
765
",7.2,7.3
tt0113601/,"
41
","
31
",4.8,5.1
tt0113602/,"
142
","
70
",4.4,4.2
tt0113609/,"
263
","
272
",4.6,4.4
tt0113612/,"
214
","
77
",5.8,5.8
tt0113613/,"
3,612
","
6,806
",6.7,6.7
tt0113617/,"
2,217
","
1,320
",7.2,6.6
tt0113623/,"
28
","
798
",5.6,6.3
tt0113624/,"
100
","
86
",5.3,4.2
tt0113627/,"
24,752
","
57,465
",7.5,7.5
tt0113638/,"
386
","
212
",5.8,5.6
tt0113647/,"
16
","
163
",5.6,6.3
tt0113650/,"
234
","
184
",4.8,4.6
tt0113651/,"
71
","
294
",6.4,6.6
tt0113662/,"
13
","
223
",4.9,5.7
tt0113664/,"
25
","
364
",5.1,6.0
tt0113670/,"
9,259
","
13,095
",7.8,7.5
tt0113672/,"
75
","
285
",6.2,6.9
tt0113674/,"
654
","
599
",5.3,5.2
tt0113677/,"
4,415
","
8,083
",7.5,7.5
tt0113690/,"
5,602
","
6,837
",6.1,6.0
tt0113691/,"
2,188
","
1,792
",6.6,6.2
tt0113703/,"
877
","
4,095
",7.7,7.9
tt0113711/,"
57
","
43
",3.8,4.2
tt0113719/,"
89
","
272
",4.0,4.3
tt0113720/,"
618
","
3,631
",6.9,6.9
tt0113725/,"
890
","
2,922
",7.5,7.5
tt0113729/,"
2,124
","
2,319
",5.1,5.4
tt0113730/,"
79
","
109
",6.3,6.3
tt0113731/,"
158
","
269
",7.3,6.8
tt0113732/,"
280
","
266
",4.7,4.8
tt0113737/,"
626
","
855
",5.5,5.3
tt0113748/,"
383
","
482
",5.2,4.8
tt0113749/,"
39,999
","
43,392
",7.2,7.0
tt0113755/,"
4,161
","
2,106
",5.2,4.9
tt0113756/,"
134
","
70
",5.9,6.0
tt0113762/,"
2,609
","
3,959
",4.3,4.3
tt0113767/,"
16
","
418
",6.8,7.2
tt0113774/,"
247
","
582
",7.0,7.1
tt0113791/,"
33
","
133
",5.9,6.0
tt0113799/,"
2,554
","
8,935
",7.5,7.5
tt0113808/,"
1,077
","
1,201
",5.5,5.3
tt0113816/,"
120
","
186
",4.1,3.4
tt0113819/,"
8,192
","
19,226
",7.0,7.0
tt0113820/,"
8,315
","
9,461
",5.3,4.9
tt0113824/,"
7,252
","
25,844
",8.0,7.8
tt0113825/,"
19
","
94
",7.6,6.9
tt0113827/,"
47
","
89
",5.1,4.7
tt0113828/,"
946
","
1,612
",7.9,7.3
tt0113834/,"
64
","
235
",7.6,7.0
tt0113835/,"
14
","
404
",3.8,5.9
tt0113839/,"
87
","
42
",5.7,5.9
tt0113841/,"
8
","
119
",7.1,5.9
tt0113843/,"
157
","
130
",5.6,4.3
tt0113845/,"
7,718
","
20,515
",5.5,5.7
tt0113849/,"
787
","
939
",6.5,6.1
tt0113851/,"
886
","
1,644
",5.8,5.7
tt0113855/,"
23,980
","
51,929
",5.9,5.7
tt0113857/,"
15
","
152
",5.6,5.8
tt0113862/,"
15,051
","
9,805
",7.3,7.2
tt0113865/,"
81
","
76
",5.0,4.7
tt0113870/,"
6,194
","
13,071
",7.2,7.3
tt0113875/,"
59
","
92
",6.0,6.4
tt0113878/,"
38
","
312
",7.0,6.9
tt0113881/,"
136
","
110
",3.2,3.8
tt0113896/,"
1,829
","
839
",7.4,6.8
tt0113909/,"
47
","
328
",6.0,6.6
tt0113913/,"
40
","
326
",4.1,5.5
tt0113918/,"
111
","
1,209
",7.1,7.0
tt0113922/,"
645
","
555
",7.7,7.4
tt0113928/,"
136
","
215
",6.2,6.0
tt0113930/,"
40
","
129
",6.6,6.5
tt0113932/,"
391
","
874
",6.0,6.0
tt0113936/,"
2,017
","
2,172
",5.5,5.8
tt0113939/,"
517
","
1,039
",6.2,6.4
tt0113941/,"
19
","
84
",2.7,6.4
tt0113943/,"
34
","
99
",6.3,5.0
tt0113947/,"
590
","
2,558
",7.4,7.3
tt0113952/,"
227
","
385
",6.1,6.2
tt0113957/,"
14,194
","
28,435
",5.9,5.9
tt0113961/,"
36
","
73
",7.2,5.3
tt0113965/,"
1,311
","
3,422
",5.2,5.2
tt0113967/,"
1,181
","
943
",6.8,6.5
tt0113971/,"
97
","
1,819
",7.2,7.4
tt0113972/,"
8,285
","
20,128
",6.3,6.3
tt0113982/,"
441
","
439
",5.3,5.3
tt0113986/,"
8,611
","
16,450
",5.6,5.4
tt0113987/,"
7,874
","
13,080
",7.1,7.0
tt0113992/,"
109
","
463
",6.7,7.1
tt0113997/,"
8
","
105
",6.7,6.3
tt0114003/,"
112
","
96
",4.3,4.2
tt0114004/,"
233
","
106
",4.7,4.7
tt0114005/,"
129
","
177
",6.3,6.5
tt0114007/,"
95
","
237
",6.5,7.0
tt0114008/,"
159
","
87
",5.7,5.7
tt0114009/,"
55
","
134
",5.8,6.1
tt0114011/,"
9,851
","
9,156
",6.8,6.6
tt0114015/,"
120
","
184
",7.0,7.1
tt0114016/,"
53
","
102
",4.8,4.1
tt0114019/,"
20
","
217
",5.2,6.9
tt0114020/,"
100
","
323
",6.5,5.0
tt0114031/,"
132
","
877
",3.8,3.8
tt0114033/,"
28
","
157
",6.8,7.2
tt0114039/,"
249
","
99
",7.5,5.7
tt0114040/,"
54
","
66
",6.3,5.2
tt0114042/,"
66
","
52
",3.7,3.9
tt0114047/,"
90
","
77
",5.4,5.0
tt0114048/,"
3,340
","
2,983
",5.0,5.1
tt0114054/,"
25
","
292
",7.0,7.0
tt0114055/,"
200
","
2,536
",7.6,7.5
tt0114057/,"
2,686
","
3,789
",7.0,6.8
tt0114068/,"
103
","
27
",4.6,3.7
tt0114069/,"
27,606
","
55,391
",6.6,6.6
tt0114070/,"
493
","
796
",4.0,3.9
tt0114074/,"
9
","
164
",7.0,7.0
tt0114075/,"
18
","
86
",5.9,6.0
tt0114076/,"
9
","
99
",6.4,6.3
tt0114078/,"
28
","
403
",3.6,6.3
tt0114079/,"
18
","
121
",5.7,4.6
tt0114080/,"
16
","
73
",6.0,5.4
tt0114081/,"
25
","
153
",5.5,5.5
tt0114084/,"
836
","
903
",6.4,6.3
tt0114086/,"
681
","
3,400
",6.4,6.5
tt0114089/,"
108
","
85
",6.7,5.7
tt0114092/,"
66
","
521
",6.8,6.6
tt0114095/,"
2,491
","
847
",6.6,6.3
tt0114096/,"
43
","
344
",6.9,6.9
tt0114099/,"
978
","
1,784
",5.8,5.9
tt0114108/,"
1,776
","
1,412
",5.5,5.6
tt0114111/,"
5
","
195
",1.5,3.8
tt0114112/,"
102
","
578
",6.0,6.5
tt0114113/,"
698
","
900
",6.2,5.9
tt0114114/,"
87
","
119
",5.4,5.3
tt0114118/,"
9
","
90
",6.8,5.8
tt0114121/,"
16
","
137
",6.3,4.5
tt0114122/,"
300
","
171
",7.0,6.3
tt0114125/,"
43
","
103
",3.5,3.4
tt0114126/,"
919
","
5,085
",6.3,6.3
tt0114131/,"
266
","
314
",5.7,5.8
tt0114146/,"
19
","
120
",5.3,6.8
tt0114148/,"
33,642
","
71,976
",6.6,6.7
tt0114149/,"
95
","
218
",4.2,3.7
tt0114168/,"
9,526
","
10,898
",6.4,6.6
tt0114175/,"
32
","
119
",3.8,4.0
tt0114178/,"
11
","
112
",5.4,6.8
tt0114193/,"
390
","
311
",4.6,4.6
tt0114194/,"
9,022
","
12,485
",6.6,6.4
tt0114196/,"
439
","
451
",4.1,4.0
tt0114198/,"
9
","
86
",7.2,6.1
tt0114204/,"
31
","
496
",8.2,7.0
tt0114210/,"
412
","
344
",5.5,5.2
tt0114212/,"
58
","
740
",6.7,6.6
tt0114214/,"
19,155
","
42,582
",6.5,6.4
tt0114219/,"
3
","
83
",1.0,5.6
tt0114224/,"
164
","
335
",5.8,5.4
tt0114226/,"
68
","
174
",3.6,3.4
tt0114227/,"
18
","
147
",5.1,5.0
tt0114228/,"
41
","
210
",5.2,4.5
tt0114230/,"
76
","
422
",4.6,5.3
tt0114231/,"
293
","
1,849
",4.9,5.2
tt0114234/,"
878
","
4,495
",7.5,7.4
tt0114240/,"
138
","
55
",5.6,5.3
tt0114241/,"
200
","
123
",5.0,5.2
tt0114243/,"
187
","
330
",7.3,6.7
tt0114266/,"
294
","
1,021
",7.2,7.3
tt0114267/,"
13
","
225
",4.5,4.8
tt0114272/,"
2,738
","
3,765
",6.7,6.6
tt0114277/,"
6
","
72
",6.3,5.9
tt0114279/,"
3,931
","
6,139
",7.5,7.3
tt0114287/,"
9,941
","
19,309
",7.1,6.8
tt0114294/,"
9
","
174
",5.0,6.4
tt0114296/,"
674
","
615
",6.4,6.4
tt0114303/,"
531
","
843
",5.8,5.4
tt0114305/,"
61
","
100
",5.5,6.2
tt0114306/,"
713
","
1,032
",4.4,4.5
tt0114307/,"
143
","
140
",6.2,6.3
tt0114310/,"
47
","
352
",6.7,6.7
tt0114312/,"
29
","
318
",6.2,7.3
tt0114313/,"
12
","
85
",7.0,6.7
tt0114317/,"
132
","
1,088
",5.5,5.7
tt0114319/,"
11,086
","
14,542
",6.5,6.1
tt0114321/,"
44
","
70
",3.7,4.3
tt0114323/,"
3,698
","
5,994
",7.3,7.0
tt0114334/,"
95
","
54
",3.3,3.4
tt0114340/,"
22
","
114
",6.1,4.7
tt0114345/,"
3,803
","
6,625
",4.8,5.5
tt0114349/,"
25
","
83
",4.5,5.4
tt0114354/,"
174
","
946
",6.7,7.1
tt0114364/,"
28
","
120
",6.2,6.2
tt0114366/,"
102
","
125
",4.1,4.6
tt0114367/,"
4,761
","
14,271
",6.2,6.4
tt0114368/,"
21
","
614
",6.1,7.0
tt0114369/,"
208,016
","
606,374
",8.6,8.6
tt0114371/,"
429
","
485
",5.5,5.3
tt0114374/,"
22
","
390
",6.8,7.0
tt0114386/,"
25
","
475
",4.6,4.6
tt0114387/,"
21
","
425
",6.5,7.4
tt0114388/,"
22,247
","
47,660
",7.9,7.5
tt0114394/,"
214
","
354
",4.6,4.0
tt0114397/,"
159
","
239
",5.0,4.9
tt0114413/,"
32
","
74
",7.1,6.5
tt0114420/,"
8
","
246
",8.9,5.3
tt0114424/,"
28
","
172
",5.7,5.9
tt0114426/,"
42
","
79
",6.7,6.8
tt0114429/,"
83
","
1,199
",6.9,7.2
tt0114432/,"
405
","
1,233
",5.0,5.0
tt0114436/,"
15,975
","
29,161
",4.5,5.0
tt0114437/,"
750
","
2,241
",6.2,6.0
tt0114440/,"
79
","
219
",6.8,7.1
tt0114443/,"
36
","
786
",5.6,5.9
tt0114448/,"
83
","
102
",5.0,4.5
tt0114455/,"
71
","
77
",5.1,4.0
tt0114457/,"
59
","
54
",4.1,4.3
tt0114474/,"
168
","
864
",6.5,7.0
tt0114478/,"
6,265
","
18,655
",7.1,7.5
tt0114489/,"
271
","
603
",4.5,4.2
tt0114494/,"
56
","
410
",6.5,7.1
tt0114496/,"
4,797
","
5,607
",5.9,5.6
tt0114508/,"
16,489
","
37,661
",5.8,5.8
tt0114510/,"
8
","
93
",5.5,6.1
tt0114523/,"
23
","
440
",6.7,6.3
tt0114534/,"
274
","
282
",6.8,6.2
tt0114536/,"
330
","
383
",4.9,4.8
tt0114550/,"
500
","
606
",7.2,6.7
tt0114554/,"
105
","
86
",3.6,3.2
tt0114558/,"
14,105
","
34,552
",7.0,7.2
tt0114564/,"
63
","
113
",3.7,4.1
tt0114568/,"
106
","
84
",5.3,4.1
tt0114571/,"
1,511
","
446
",5.4,5.0
tt0114576/,"
6,608
","
17,039
",5.8,5.7
tt0114581/,"
7
","
68
",5.4,4.7
tt0114582/,"
81
","
110
",5.5,5.5
tt0114592/,"
181
","
204
",6.0,6.1
tt0114608/,"
7,895
","
8,262
",6.8,6.5
tt0114609/,"
3,949
","
1,490
",6.4,6.1
tt0114612/,"
17
","
267
",7.3,7.1
tt0114614/,"
9,257
","
12,343
",5.3,5.3
tt0114615/,"
42
","
227
",5.8,6.5
tt0114616/,"
56
","
64
",5.0,5.4
tt0114623/,"
23
","
1,077
",6.7,5.2
tt0114626/,"
54
","
882
",7.2,7.1
tt0114651/,"
188
","
994
",7.3,7.5
tt0114658/,"
1,306
","
1,780
",2.2,2.5
tt0114660/,"
5,819
","
13,317
",6.7,6.8
tt0114663/,"
944
","
1,116
",6.2,6.0
tt0114666/,"
396
","
394
",5.1,4.8
tt0114671/,"
852
","
6,830
",7.2,7.6
tt0114676/,"
140
","
145
",3.8,3.5
tt0114681/,"
11,777
","
20,351
",6.9,6.8
tt0114682/,"
10,820
","
9,036
",6.6,6.4
tt0114683/,"
253
","
438
",3.2,3.0
tt0114687/,"
178
","
193
",6.3,6.0
tt0114689/,"
58
","
72
",7.3,6.4
tt0114690/,"
447
","
1,888
",7.1,7.0
tt0114694/,"
38,824
","
15,987
",7.3,6.4
tt0114697/,"
1,062
","
1,449
",4.2,4.1
tt0114701/,"
10
","
76
",6.3,5.9
tt0114702/,"
2,679
","
7,729
",6.1,6.6
tt0114709/,"
153,718
","
351,422
",8.6,8.2
tt0114726/,"
218
","
1,217
",4.6,4.5
tt0114727/,"
34
","
84
",5.2,5.2
tt0114732/,"
230
","
3,955
",6.7,7.2
tt0114737/,"
22
","
174
",4.4,5.1
tt0114743/,"
48
","
125
",4.5,4.1
tt0114746/,"
96,716
","
280,845
",7.9,8.0
tt0114751/,"
66
","
31
",4.8,3.9
tt0114752/,"
201
","
177
",4.0,3.8
tt0114753/,"
704
","
1,709
",6.0,6.2
tt0114774/,"
691
","
729
",9.1,8.1
tt0114780/,"
84
","
93
",5.1,4.8
tt0114781/,"
8,904
","
22,808
",5.5,5.4
tt0114783/,"
59
","
147
",5.0,5.3
tt0114784/,"
114
","
65
",4.7,4.2
tt0114787/,"
4,775
","
34,531
",7.5,8.1
tt0114788/,"
1,140
","
1,448
",6.3,6.0
tt0114790/,"
97
","
748
",7.0,6.3
tt0114798/,"
1,138
","
1,011
",6.7,6.7
tt0114808/,"
546
","
2,999
",7.2,7.4
tt0114812/,"
33
","
310
",6.1,7.1
tt0114814/,"
170,661
","
429,982
",8.5,8.5
tt0114820/,"
33
","
417
",4.9,4.2
tt0114824/,"
92
","
67
",2.8,3.8
tt0114825/,"
5,253
","
10,799
",4.7,4.5
tt0114829/,"
24
","
618
",5.3,5.8
tt0114844/,"
61
","
1,419
",5.9,6.5
tt0114851/,"
116
","
323
",5.2,5.2
tt0114852/,"
6,811
","
14,829
",5.5,5.6
tt0114857/,"
8,146
","
12,836
",5.6,5.5
tt0114861/,"
7
","
81
",2.5,5.4
tt0114863/,"
698
","
3,765
",6.9,7.7
tt0114864/,"
23
","
389
",8.0,7.0
tt0114866/,"
83
","
78
",6.2,6.1
tt0114872/,"
229
","
232
",4.7,4.5
tt0114885/,"
4,164
","
2,562
",6.2,5.3
tt0114887/,"
7,002
","
14,484
",6.6,6.7
tt0114888/,"
422
","
144
",5.0,4.4
tt0114892/,"
24
","
54
",7.0,6.6
tt0114898/,"
34,534
","
91,679
",6.0,6.2
tt0114906/,"
11,154
","
12,426
",7.5,7.3
tt0114916/,"
1,310
","
3,175
",6.7,6.4
tt0114924/,"
22,244
","
39,125
",6.9,6.6
tt0114928/,"
1,718
","
1,679
",5.2,5.3
tt0114934/,"
22
","
126
",6.9,6.0
tt0114936/,"
167
","
63
",6.5,6.9
tt0114938/,"
2,168
","
2,788
",5.9,5.8
tt0114952/,"
132
","
323
",6.5,6.5
tt0114957/,"
252
","
335
",4.2,4.2
tt0114988/,"
69
","
81
",5.8,5.1
tt0114991/,"
47
","
247
",6.8,6.4
tt0114996/,"
871
","
3,498
",7.7,7.9
tt0115006/,"
276
","
573
",3.8,3.5
tt0115007/,"
20
","
92
",6.3,5.1
tt0115009/,"
49
","
207
",3.9,4.7
tt0115012/,"
1,268
","
2,648
",7.2,7.1
tt0115016/,"
86
","
436
",6.8,6.3
tt0115028/,"
15
","
114
",6.1,6.2
tt0115030/,"
40
","
182
",4.8,4.7
tt0115033/,"
747
","
1,801
",7.1,7.0
tt0115040/,"
139
","
1,292
",7.5,7.8
tt0115042/,"
157
","
993
",4.9,4.3
tt0115053/,"
20
","
101
",5.9,5.6
tt0115059/,"
22
","
170
",6.8,7.0
tt0115062/,"
68
","
95
",5.2,4.5
tt0115067/,"
129
","
1,531
",6.5,7.0
tt0115071/,"
10
","
85
",6.1,7.1
tt0115073/,"
13
","
119
",5.1,5.1
tt0115079/,"
15
","
113
",7.2,5.6
tt0115479/,"
49
","
808
",6.4,7.2
tt0115655/,"
24
","
170
",6.9,7.0
tt0115675/,"
274
","
318
",5.5,5.4
tt0115684/,"
60
","
105
",4.7,4.6
tt0115762/,"
21
","
127
",7.6,6.5
tt0115887/,"
39
","
58
",4.5,5.3
tt0115981/,"
45
","
65
",5.7,5.5
tt0116247/,"
675
","
1,879
",5.5,5.5
tt0116332/,"
121
","
237
",5.0,4.8
tt0116338/,"
20
","
65
",4.4,4.5
tt0116371/,"
201
","
283
",4.2,3.9
tt0116422/,"
1,418
","
1,143
",5.4,5.6
tt0116506/,"
1,244
","
2,045
",3.6,5.1
tt0116511/,"
55
","
98
",7.6,6.6
tt0116563/,"
9
","
58
",6.5,6.8
tt0116564/,"
68
","
57
",3.9,3.7
tt0116703/,"
98
","
37
",5.3,5.2
tt0116732/,"
9
","
76
",5.6,6.7
tt0116746/,"
11
","
105
",7.4,6.9
tt0116867/,"
22
","
75
",6.2,6.6
tt0116934/,"
76
","
100
",5.2,4.4
tt0116977/,"
125
","
301
",4.7,4.8
tt0117025/,"
122
","
91
",5.7,4.8
tt0117076/,"
103
","
292
",7.2,7.1
tt0117117/,"
42
","
96
",6.7,6.9
tt0117143/,"
96
","
990
",7.0,7.0
tt0117148/,NA,"
159
",-,3.3
tt0117193/,"
733
","
1,526
",5.1,5.1
tt0117204/,"
18
","
76
",6.3,7.0
tt0117284/,"
686
","
1,090
",6.3,6.6
tt0117357/,"
279
","
101
",5.3,5.4
tt0117517/,"
18
","
74
",5.5,6.2
tt0117612/,"
45
","
58
",4.6,3.8
tt0117617/,"
52
","
60
",4.0,3.6
tt0117735/,"
12
","
98
",7.2,6.8
tt0117868/,"
16
","
61
",7.0,5.8
tt0117970/,"
29
","
286
",7.5,7.4
tt0117999/,"
128
","
178
",6.3,6.7
tt0118001/,"
631
","
3,329
",5.0,5.4
tt0118011/,"
66
","
1,013
",8.1,8.0
tt0118079/,"
96
","
168
",4.0,3.8
tt0118110/,"
24
","
55
",6.7,4.4
tt0118124/,"
84
","
87
",5.1,4.7
tt0118153/,"
42
","
34
",3.5,3.3
tt0118233/,"
13
","
86
",6.8,6.9
tt0118664/,"
18
","
125
",4.1,3.6
tt0118665/,"
8,854
","
7,318
",2.6,2.5
tt0118777/,"
40
","
111
",5.7,5.6
tt0119028/,"
81
","
78
",5.0,4.6
tt0119208/,"
82
","
45
",4.7,4.6
tt0119220/,"
142
","
62
",6.1,6.2
tt0119277/,"
144
","
134
",4.6,4.0
tt0119413/,"
60
","
465
",8.1,7.0
tt0119529/,"
36
","
58
",5.9,3.1
tt0119603/,"
34
","
76
",4.2,5.9
tt0119740/,"
137
","
52
",5.0,5.3
tt0119845/,"
77
","
54
",5.8,6.4
tt0119936/,"
94
","
30
",4.7,4.9
tt0120188/,"
38,891
","
76,544
",7.3,7.0
tt0120361/,"
115
","
36
",4.7,3.3
tt0120363/,"
100,821
","
220,358
",8.0,7.8
tt0120435/,"
231
","
339
",4.6,4.5
tt0120458/,"
5,946
","
13,465
",4.9,5.0
tt0120488/,"
88
","
30
",4.5,3.9
tt0120500/,"
132
","
187
",4.7,4.8
tt0120593/,"
100
","
55
",6.5,5.9
tt0120596/,"
4,781
","
8,487
",4.9,5.1
tt0120601/,"
67,521
","
147,085
",7.8,7.7
tt0120604/,"
2,066
","
6,551
",4.2,4.0
tt0120608/,"
227
","
71
",6.1,3.0
tt0120613/,"
3,217
","
2,720
",6.8,6.5
tt0120616/,"
75,403
","
182,584
",7.2,6.9
tt0120618/,"
2,233
","
3,621
",4.7,4.6
tt0120620/,"
7,022
","
8,806
",6.4,6.4
tt0120628/,"
121
","
175
",4.5,4.2
tt0120646/,"
3,252
","
5,911
",6.3,6.3
tt0120655/,"
57,160
","
91,084
",7.4,7.2
tt0120657/,"
22,286
","
60,481
",6.7,6.6
tt0120658/,"
96
","
104
",6.1,6.2
tt0120662/,"
4,822
","
5,563
",4.6,5.3
tt0120663/,"
54,264
","
149,620
",7.2,7.4
tt0120683/,"
1,258
","
2,923
",4.9,5.2
tt0120689/,"
154,527
","
484,784
",8.4,8.6
tt0120710/,"
3,919
","
5,189
",5.4,5.5
tt0120716/,"
4,349
","
7,845
",6.4,6.6
tt0120757/,"
3,560
","
2,792
",4.2,4.4
tt0120764/,"
3,934
","
5,552
",4.8,5.1
tt0120775/,"
466
","
416
",6.3,5.8
tt0120784/,"
26,965
","
66,962
",7.1,7.1
tt0120790/,"
63
","
767
",7.2,7.0
tt0120797/,"
8,761
","
11,657
",6.0,6.0
tt0120822/,"
46
","
350
",4.6,3.7
tt0120829/,"
124
","
153
",6.2,5.9
tt0120834/,"
4,239
","
5,525
",6.7,6.8
tt0120836/,"
2,640
","
2,060
",5.0,5.0
tt0120855/,"
36,870
","
84,034
",7.2,7.2
tt0120857/,"
3,560
","
5,892
",7.0,6.8
tt0120866/,"
6,102
","
8,089
",7.4,7.0
tt0120876/,"
89
","
205
",5.4,5.4
tt0120891/,"
33,106
","
74,470
",4.7,4.9
tt0120899/,"
1,078
","
1,101
",6.6,6.4
tt0120907/,"
16,237
","
52,080
",6.8,6.8
tt0120910/,"
10,221
","
14,058
",7.2,7.1
tt0120915/,"
139,613
","
295,043
",6.2,6.5
tt0121152/,"
154
","
223
",2.9,2.8
tt0121744/,"
151
","
199
",5.6,5.3
tt0121755/,"
56
","
132
",7.7,6.8
tt0121898/,"
27
","
128
",5.3,5.0
tt0121989/,"
180
","
1,166
",5.9,6.5
tt0122194/,"
177
","
104
",5.9,5.4
tt0122418/,"
28
","
97
",6.4,6.5
tt0122471/,"
6
","
156
",6.5,6.9
tt0122541/,"
4,361
","
6,357
",7.0,6.8
tt0122743/,"
310
","
271
",4.7,4.8
tt0122933/,"
29,991
","
72,783
",6.7,6.7
tt0122946/,"
190
","
63
",5.1,4.5
tt0122968/,"
103
","
43
",3.3,2.0
tt0123078/,"
121
","
62
",6.1,6.9
tt0123209/,"
5,000
","
3,469
",6.4,6.4
tt0123376/,"
166
","
228
",6.3,6.3
tt0123964/,"
11,755
","
20,304
",6.7,6.7
tt0124038/,"
15
","
143
",5.7,5.2
tt0124119/,"
198
","
124
",5.6,5.4
tt0124298/,"
18,095
","
25,000
",6.6,6.6
tt0124315/,"
23,123
","
43,152
",7.3,7.4
tt0124743/,"
90
","
183
",4.3,4.6
tt0124811/,"
66
","
110
",7.4,6.9
tt0125060/,"
78
","
47
",3.0,3.0
tt0125439/,"
36,126
","
141,793
",7.0,7.1
tt0125507/,"
144
","
1,191
",5.8,5.8
tt0125664/,"
26,054
","
62,456
",7.3,7.5
tt0125971/,"
4,350
","
1,938
",6.6,6.1
tt0126240/,"
475
","
313
",5.9,5.7
tt0126250/,"
4,017
","
5,216
",6.9,6.8
tt0126651/,"
119
","
268
",6.8,6.7
tt0126680/,"
81
","
86
",5.6,5.5
tt0126859/,"
1,091
","
1,340
",5.3,5.5
tt0126886/,"
30,887
","
34,960
",7.4,7.1
tt0126916/,"
12,952
","
9,886
",6.8,6.4
tt0127023/,"
60
","
100
",6.2,6.0
tt0127143/,"
59
","
120
",4.6,4.2
tt0127296/,"
995
","
1,393
",6.0,5.9
tt0127350/,"
81
","
64
",5.9,5.2
tt0127454/,"
36
","
760
",2.2,2.9
tt0127489/,"
106
","
86
",5.1,4.6
tt0127499/,"
85
","
42
",4.3,3.7
tt0127914/,"
379
","
90
",6.2,5.5
tt0128137/,"
593
","
1,224
",6.1,5.9
tt0128170/,"
186
","
220
",6.8,6.7
tt0128239/,"
692
","
1,911
",6.0,6.0
tt0128278/,"
6,114
","
16,888
",6.3,6.6
tt0128378/,"
290
","
2,731
",7.0,7.0
tt0128977/,"
586
","
626
",6.4,6.1
tt0129028/,"
95
","
87
",5.3,4.0
tt0129167/,"
41,875
","
71,296
",8.1,7.9
tt0129280/,"
4,314
","
5,126
",5.3,5.5
tt0129332/,"
10,093
","
17,491
",7.1,6.9
tt0129532/,"
62
","
51
",4.0,4.4
tt0130121/,"
6,495
","
18,901
",5.7,5.9
tt0130172/,"
796
","
268
",5.1,4.2
tt0130444/,"
1,373
","
3,117
",7.4,7.1
tt0130761/,"
98
","
406
",6.2,6.6
tt0130971/,"
40
","
78
",5.0,6.5
tt0131013/,"
41
","
103
",6.5,6.3
tt0131325/,"
19,295
","
28,947
",6.5,6.4
tt0131349/,"
185
","
224
",5.4,5.9
tt0131369/,"
10,518
","
19,398
",6.0,6.1
tt0131396/,"
141
","
430
",5.9,6.1
tt0131517/,"
73
","
45
",5.2,5.5
tt0131566/,"
1,389
","
5,632
",6.3,6.4
tt0131646/,"
4,777
","
6,990
",4.1,4.4
tt0132160/,"
170
","
135
",6.8,6.5
tt0132164/,"
333
","
182
",5.7,5.7
tt0132165/,"
287
","
258
",5.4,4.9
tt0132347/,"
23,494
","
22,399
",6.1,6.0
tt0132477/,"
27,506
","
29,851
",7.7,7.8
tt0132502/,"
175
","
313
",6.7,5.9
tt0132512/,"
3,713
","
5,610
",5.8,6.0
tt0132563/,"
222
","
422
",6.8,6.7
tt0132905/,"
149
","
656
",6.9,6.7
tt0132907/,"
48
","
366
",3.6,5.6
tt0133046/,"
5,398
","
9,136
",5.3,5.3
tt0133093/,"
257,181
","
689,072
",8.6,8.7
tt0133146/,"
55
","
51
",5.0,5.4
tt0133327/,"
152
","
144
",6.5,6.1
tt0133385/,"
1,297
","
26,206
",5.8,5.9
tt0133991/,"
7
","
100
",9.2,6.2
tt0134033/,"
1,739
","
5,330
",6.6,6.3
tt0134119/,"
35,217
","
93,443
",7.3,7.4
tt0134154/,"
3,914
","
5,944
",6.9,6.7
tt0134273/,"
24,100
","
65,905
",6.3,6.6
tt0134618/,"
10,656
","
8,271
",6.8,6.5
tt0134645/,"
135
","
63
",4.6,5.3
tt0134969/,"
621
","
754
",3.6,2.8
tt0135164/,"
42
","
92
",3.9,4.5
tt0135470/,"
81
","
108
",3.9,4.0
tt0135666/,"
24
","
120
",4.1,4.5
tt0135790/,"
423
","
6,439
",7.0,7.6
tt0136423/,"
64
","
441
",6.0,7.4
tt0136491/,"
208
","
197
",8.4,7.5
tt0136694/,"
138
","
1,156
",6.6,6.8
tt0137079/,"
239
","
723
",6.6,6.7
tt0137148/,"
73
","
69
",3.9,2.1
tt0137195/,"
80
","
123
",6.0,5.8
tt0137212/,"
46
","
514
",4.3,4.6
tt0137338/,"
5,707
","
4,925
",5.8,6.0
tt0137344/,"
21
","
95
",4.6,6.9
tt0137363/,"
17,577
","
41,899
",7.1,7.2
tt0137494/,"
20,576
","
55,360
",6.2,6.3
tt0137523/,"
274,106
","
751,072
",8.7,8.8
tt0137909/,"
37
","
108
",8.0,5.0
tt0138279/,"
228
","
107
",5.4,5.4
tt0138304/,"
10,184
","
27,795
",5.2,5.4
tt0138359/,"
168
","
20
",6.6,5.2
tt0138420/,"
138
","
151
",5.2,5.7
tt0138433/,"
26
","
91
",3.7,3.8
tt0138474/,"
230
","
112
",4.1,4.4
tt0138493/,"
253
","
97
",6.6,6.5
tt0138510/,"
12,795
","
16,996
",6.2,6.2
tt0138511/,"
162
","
244
",5.9,5.4
tt0138531/,"
77
","
141
",5.9,5.6
tt0138537/,"
768
","
171
",7.0,6.6
tt0138613/,"
52
","
75
",5.5,5.0
tt0138689/,"
83
","
18
",9.2,1.1
tt0138705/,"
88
","
32
",3.0,3.9
tt0138771/,"
22
","
91
",5.5,5.3
tt0138787/,"
133
","
82
",2.4,2.6
tt0138833/,"
94
","
44
",5.4,5.3
tt0138834/,"
133
","
155
",5.8,5.3
tt0138874/,"
765
","
1,516
",7.4,7.2
tt0139112/,"
150
","
93
",5.5,5.4
tt0139134/,"
37,411
","
88,374
",6.8,6.8
tt0139151/,"
1,411
","
5,514
",5.3,5.1
tt0139194/,"
80
","
32
",4.5,5.9
tt0139239/,"
22,696
","
27,163
",7.3,7.2
tt0139394/,"
225
","
104
",5.9,5.8
tt0139414/,"
16,763
","
23,496
",5.8,5.6
tt0139426/,"
203
","
702
",5.1,4.8
tt0139429/,"
48
","
193
",7.2,5.8
tt0139462/,"
7,114
","
17,602
",6.0,6.2
tt0139606/,"
107
","
347
",5.3,5.2
tt0139668/,"
7,383
","
17,479
",6.5,6.6
tt0139699/,"
20,038
","
10,320
",6.6,6.3
tt0139809/,"
10,438
","
37,396
",6.8,7.1
tt0139861/,"
143
","
889
",7.1,7.1
tt0139876/,"
507
","
3,323
",7.9,8.0
tt0139877/,"
98
","
316
",6.4,6.5
tt0139956/,"
17
","
128
",6.9,7.0
tt0140337/,"
55
","
79
",4.7,5.1
tt0140352/,"
31,127
","
84,320
",8.0,7.8
tt0140379/,"
7,441
","
9,994
",6.5,6.4
tt0140397/,"
3,924
","
2,467
",6.9,6.7
tt0140399/,"
180
","
1,230
",7.2,7.4
tt0140439/,"
43
","
89
",5.4,5.7
tt0140534/,"
98
","
622
",8.0,8.1
tt0140590/,"
89
","
170
",6.0,6.1
tt0141098/,"
8,654
","
13,990
",5.3,5.5
tt0141369/,"
11,586
","
20,401
",4.2,4.1
tt0141974/,"
1,955
","
5,445
",7.3,7.3
tt0142192/,"
4,611
","
8,285
",6.0,6.1
tt0142201/,"
2,171
","
2,647
",6.2,6.2
tt0142215/,"
17
","
148
",6.3,7.1
tt0142236/,"
1,837
","
3,850
",7.5,7.6
tt0142243/,"
1,340
","
3,189
",7.4,7.4
tt0142274/,"
37
","
105
",8.0,4.4
tt0142342/,"
50,705
","
81,882
",6.5,6.3
tt0142688/,"
26,964
","
91,488
",6.5,6.7
tt0142804/,"
1,308
","
5,581
",6.0,6.1
tt0143096/,"
202
","
115
",4.7,3.9
tt0143145/,"
36,621
","
92,981
",6.4,6.4
tt0143187/,"
154
","
221
",2.7,1.9
tt0143261/,"
673
","
512
",4.3,4.6
tt0143316/,"
38
","
267
",8.1,6.5
tt0143323/,"
52
","
340
",5.9,6.5
tt0143422/,"
600
","
605
",3.3,3.9
tt0143746/,"
914
","
1,162
",5.7,5.8
tt0143900/,"
45
","
251
",4.1,6.1
tt0143924/,"
59
","
84
",5.2,5.5
tt0144117/,"
66,711
","
101,123
",7.8,7.7
tt0144134/,"
235
","
239
",6.1,6.6
tt0144146/,"
190
","
219
",4.3,4.3
tt0144168/,"
8,394
","
5,323
",6.4,5.9
tt0144178/,"
297
","
313
",6.4,6.3
tt0144201/,"
1,839
","
7,902
",7.7,7.5
tt0144214/,"
13,273
","
25,060
",6.2,6.4
tt0144249/,"
50
","
58
",5.1,3.9
tt0144286/,"
317
","
764
",6.5,6.5
tt0144637/,"
182
","
113
",3.7,3.4
tt0144640/,"
3,782
","
9,480
",5.9,6.1
tt0144669/,"
160
","
226
",4.4,3.8
tt0144688/,"
228
","
184
",5.8,5.4
tt0144715/,"
2,655
","
7,643
",5.9,5.8
tt0144814/,"
5,380
","
5,970
",4.8,4.6
tt0144900/,"
61
","
58
",5.0,4.6
tt0145503/,"
3,335
","
7,480
",7.4,7.5
tt0145531/,"
13,934
","
32,501
",6.0,6.2
tt0145547/,"
1,993
","
7,071
",6.7,7.2
tt0145653/,"
4,152
","
10,583
",7.2,7.3
tt0145660/,"
56,807
","
92,274
",6.8,6.5
tt0145681/,"
26,249
","
80,316
",6.6,6.7
tt0145893/,"
4,239
","
5,427
",5.4,5.1
tt0145929/,"
84
","
672
",6.9,7.2
tt0146315/,"
146
","
381
",7.6,6.5
tt0146516/,"
489
","
317
",6.3,6.2
tt0146675/,"
20,513
","
53,694
",5.7,5.8
tt0146786/,"
149
","
36
",5.2,5.9
tt0146838/,"
28,398
","
52,333
",6.6,6.9
tt0146879/,"
173
","
115
",6.3,5.8
tt0147287/,"
90
","
139
",5.2,5.5
tt0147599/,"
942
","
920
",6.4,5.7
tt0147643/,"
112
","
34
",7.5,4.2
tt0147800/,"
58,253
","
130,091
",7.3,7.1
tt0148031/,"
69
","
56
",5.7,6.1
tt0148103/,"
224
","
469
",7.0,6.9
tt0148303/,"
44
","
126
",8.4,6.4
tt0148583/,"
73
","
162
",5.9,5.7
tt0148813/,"
26
","
100
",3.9,4.0
tt0149261/,"
26,291
","
61,407
",5.9,5.8
tt0149357/,"
44
","
70
",7.2,7.0
tt0149568/,"
218
","
893
",5.3,5.5
tt0149581/,"
42
","
129
",4.5,6.1
tt0149691/,"
5,291
","
6,847
",6.1,6.1
tt0149898/,"
471
","
406
",5.2,5.2
tt0150176/,"
556
","
713
",4.4,4.5
tt0150216/,"
3,602
","
2,769
",6.8,6.8
tt0150337/,"
40
","
72
",4.2,6.1
tt0150377/,"
21,356
","
33,658
",6.5,6.4
tt0150488/,"
153
","
361
",5.0,5.5
tt0150500/,"
124
","
175
",3.6,3.7
tt0150786/,"
101
","
321
",5.1,5.1
tt0150992/,"
1,444
","
7,512
",7.3,7.4
tt0151022/,"
382
","
163
",4.2,4.1
tt0151047/,"
100
","
242
",7.2,6.1
tt0151137/,"
9,658
","
36,297
",6.3,6.4
tt0151239/,"
522
","
973
",5.3,5.2
tt0151281/,"
112
","
325
",4.8,4.7
tt0151305/,"
92
","
98
",4.0,3.3
tt0151331/,"
264
","
233
",5.3,5.0
tt0151494/,"
33
","
58
",6.5,4.3
tt0151568/,"
4,090
","
4,670
",7.6,7.2
tt0151582/,"
2,900
","
1,861
",6.2,5.9
tt0151738/,"
22,879
","
34,771
",6.2,5.9
tt0151804/,"
81,668
","
92,519
",8.1,7.4
tt0152015/,"
895
","
2,563
",5.8,5.8
tt0152174/,"
136
","
97
",5.7,4.6
tt0152836/,"
664
","
2,671
",6.5,6.7
tt0152946/,"
91
","
65
",3.7,2.6
tt0153031/,"
108
","
32
",5.8,4.8
tt0153032/,"
136
","
1,051
",6.1,6.3
tt0153546/,"
41
","
74
",8.0,4.8
tt0153866/,"
318
","
120
",5.8,6.0
tt0154443/,"
926
","
1,935
",5.6,5.8
tt0154750/,"
46
","
479
",5.3,6.6
tt0155197/,"
754
","
615
",5.8,6.1
tt0155198/,"
70
","
47
",4.6,5.6
tt0155267/,"
20,598
","
41,638
",6.9,6.8
tt0155711/,"
4,047
","
8,938
",6.4,6.4
tt0155732/,"
120
","
120
",3.7,3.8
tt0155776/,"
9,125
","
7,916
",5.7,5.4
tt0155845/,"
50
","
210
",6.7,6.6
tt0155940/,"
99
","
84
",5.2,4.7
tt0156038/,"
70
","
889
",7.0,6.5
tt0156096/,"
862
","
211
",7.6,7.1
tt0156106/,"
177
","
123
",5.2,5.0
tt0156372/,"
89
","
186
",3.7,3.3
tt0156417/,"
207
","
111
",4.9,4.3
tt0156515/,"
834
","
783
",6.4,6.2
tt0156639/,"
938
","
941
",6.3,5.9
tt0156711/,"
236
","
223
",4.6,4.8
tt0156859/,"
138
","
140
",6.1,5.1
tt0156881/,"
44
","
72
",4.4,4.0
tt0156904/,"
312
","
250
",5.5,5.1
tt0156934/,"
5,326
","
8,957
",5.1,5.3
tt0156983/,"
19
","
179
",8.1,7.1
tt0157075/,"
914
","
842
",4.2,4.3
tt0157427/,"
36
","
94
",3.0,2.9
tt0157503/,"
12,472
","
12,629
",6.8,6.4
tt0158117/,"
79
","
464
",6.8,6.2
tt0158369/,"
247
","
293
",5.7,5.3
tt0158371/,"
7,766
","
17,232
",7.3,7.2
tt0158583/,"
1,015
","
917
",6.6,6.1
tt0158671/,"
140
","
325
",5.4,5.1
tt0158692/,"
208
","
1,752
",6.9,6.9
tt0158717/,"
47
","
359
",6.1,5.8
tt0158811/,"
6,822
","
5,844
",6.3,6.2
tt0158905/,"
41
","
68
",3.0,3.8
tt0158937/,"
115
","
120
",6.1,5.8
tt0158983/,"
47,440
","
86,647
",7.8,7.7
tt0159060/,"
63
","
123
",3.7,3.1
tt0159097/,"
29,441
","
71,427
",7.2,7.2
tt0159101/,"
96
","
137
",5.4,5.4
tt0159103/,"
77
","
115
",4.2,4.5
tt0159233/,"
90
","
66
",6.0,5.7
tt0159259/,"
146
","
81
",4.8,5.4
tt0159272/,"
582
","
1,185
",6.5,6.8
tt0159277/,"
82
","
31
",5.2,3.8
tt0159373/,"
160
","
233
",5.3,5.3
tt0159379/,"
95
","
167
",5.6,5.5
tt0159401/,"
79
","
683
",5.8,6.6
tt0159415/,"
29
","
80
",5.7,5.8
tt0159421/,"
1,210
","
927
",5.7,5.7
tt0159485/,"
265
","
3,235
",5.9,7.1
tt0159542/,"
87
","
19
",4.8,5.4
tt0159603/,"
109
","
416
",5.5,5.2
tt0159703/,"
39
","
319
",6.7,6.0
tt0159730/,"
943
","
986
",5.4,5.0
tt0159797/,"
321
","
403
",6.1,6.3
tt0159995/,"
428
","
607
",6.4,6.2
tt0160016/,"
224
","
67
",5.5,4.2
tt0160216/,"
383
","
305
",6.3,6.1
tt0160229/,"
70
","
34
",4.4,5.7
tt0160236/,"
3,649
","
3,703
",4.0,3.8
tt0160278/,"
66
","
56
",4.1,4.0
tt0160298/,"
623
","
316
",5.4,5.0
tt0160338/,"
1,025
","
818
",6.0,6.0
tt0160376/,"
162
","
122
",3.4,2.6
tt0160395/,"
37
","
68
",7.1,5.2
tt0160401/,"
2,129
","
2,294
",6.3,6.0
tt0160414/,"
120
","
53
",5.6,5.1
tt0160429/,"
1,295
","
1,523
",4.1,4.5
tt0160481/,"
80
","
70
",5.9,5.4
tt0160498/,"
372
","
127
",5.8,5.1
tt0160509/,"
557
","
963
",6.7,6.5
tt0160513/,"
1,241
","
1,835
",6.7,6.6
tt0160518/,"
140
","
200
",5.0,5.2
tt0160534/,"
54
","
98
",4.8,6.0
tt0160574/,"
291
","
107
",6.0,5.5
tt0160596/,"
73
","
549
",5.8,6.2
tt0160620/,"
1,176
","
2,134
",6.2,6.0
tt0160672/,"
1,206
","
789
",6.8,6.6
tt0160800/,"
62
","
100
",5.6,6.0
tt0160862/,"
22,559
","
36,168
",6.0,5.8
tt0160916/,"
5,607
","
11,255
",5.8,6.0
tt0160966/,"
331
","
19
",4.4,1.9
tt0160986/,"
158
","
293
",6.1,5.7
tt0161010/,"
485
","
1,647
",5.9,6.0
tt0161023/,"
1,316
","
1,102
",6.9,6.6
tt0161029/,"
194
","
313
",4.2,3.3
tt0161100/,"
4,083
","
1,709
",7.0,6.6
tt0161109/,"
85
","
52
",5.4,5.6
tt0161219/,"
159
","
127
",5.7,5.4
tt0161292/,"
587
","
4,832
",6.9,6.8
tt0161542/,"
159
","
357
",5.8,6.1
tt0161644/,"
94
","
134
",6.2,5.9
tt0161767/,"
68
","
134
",5.3,4.6
tt0161841/,"
171
","
102
",4.8,3.9
tt0161935/,"
67
","
566
",7.1,6.9
tt0161942/,"
412
","
297
",5.5,4.6
tt0161977/,"
136
","
273
",7.1,6.8
tt0161981/,"
191
","
370
",6.8,6.9
tt0162023/,"
545
","
1,409
",7.1,7.4
tt0162024/,"
409
","
280
",6.4,5.8
tt0162236/,"
764
","
311
",6.7,6.5
tt0162348/,"
2,397
","
133
",7.9,5.6
tt0162360/,"
3,548
","
3,402
",6.4,6.2
tt0162420/,"
21
","
88
",6.0,5.8
tt0162556/,"
91
","
523
",6.9,6.4
tt0162625/,"
407
","
2,743
",6.4,6.8
tt0162661/,"
61,552
","
163,260
",7.3,7.3
tt0162662/,"
575
","
247
",6.1,6.2
tt0162677/,"
11,499
","
15,302
",6.5,6.7
tt0162710/,"
2,999
","
2,718
",7.4,6.9
tt0162766/,"
242
","
694
",4.4,4.8
tt0162830/,"
2,313
","
1,627
",7.2,7.0
tt0162903/,"
287
","
57
",6.7,3.5
tt0162909/,"
196
","
235
",7.0,7.2
tt0162924/,"
58
","
93
",4.8,4.4
tt0162945/,"
216
","
298
",4.0,3.2
tt0163006/,"
99
","
163
",6.6,6.2
tt0163016/,"
122
","
139
",4.2,4.3
tt0163084/,"
68
","
265
",6.7,6.5
tt0163166/,"
60
","
562
",6.2,5.2
tt0163178/,"
63
","
93
",4.8,5.0
tt0163180/,"
67
","
222
",6.5,6.2
tt0163187/,"
18,627
","
43,918
",5.6,5.4
tt0163318/,"
187
","
172
",5.1,5.1
tt0163519/,"
38
","
66
",5.4,6.1
tt0163559/,"
183
","
263
",6.8,6.8
tt0163579/,"
2,697
","
4,259
",5.1,5.2
tt0163651/,"
69,356
","
184,136
",7.0,7.0
tt0163776/,"
45
","
97
",5.9,6.9
tt0163889/,"
139
","
53
",6.4,5.0
tt0163988/,"
16,051
","
30,459
",6.8,6.8
tt0164008/,"
105
","
320
",6.0,5.8
tt0164016/,"
173
","
170
",4.6,3.5
tt0164018/,"
171
","
50
",4.4,4.1
tt0164055/,"
54
","
261
",6.3,6.4
tt0164085/,"
2,145
","
2,050
",7.2,6.9
tt0164108/,"
3,645
","
3,899
",5.8,5.6
tt0164114/,"
6,170
","
6,598
",5.8,5.6
tt0164181/,"
21,199
","
34,065
",7.1,6.9
tt0164221/,"
546
","
1,564
",5.3,5.0
tt0164368/,"
285
","
1,308
",7.2,6.8
tt0164711/,"
129
","
1,672
",5.9,6.1
tt0164718/,"
60
","
122
",5.9,5.8
tt0164807/,"
113
","
105
",5.1,5.0
tt0164877/,"
383
","
1,280
",6.5,6.7
tt0164912/,"
21,991
","
59,121
",5.9,5.9
tt0165086/,"
175
","
127
",5.6,5.0
tt0165196/,"
361
","
569
",7.1,6.6
tt0165251/,"
92
","
74
",3.3,2.8
tt0165384/,"
247
","
768
",6.5,6.2
tt0165396/,"
558
","
582
",4.4,3.9
tt0165405/,"
53
","
171
",7.1,6.1
tt0165454/,"
356
","
495
",5.3,5.8
tt0165461/,"
124
","
77
",5.8,4.7
tt0165628/,"
86
","
59
",5.6,5.3
tt0165643/,"
1,921
","
2,186
",4.8,5.0
tt0165710/,"
13,029
","
14,997
",6.8,6.8
tt0165798/,"
16,000
","
47,543
",7.4,7.5
tt0165831/,"
1,515
","
1,165
",5.2,5.2
tt0165846/,"
275
","
239
",5.1,5.0
tt0165854/,"
8,904
","
13,539
",7.2,6.8
tt0165859/,"
2,403
","
2,478
",7.1,7.0
tt0165874/,"
1,401
","
3,293
",6.2,6.4
tt0165895/,"
181
","
166
",5.3,5.3
tt0165994/,"
235
","
248
",5.6,5.1
tt0165997/,"
74
","
46
",3.3,6.0
tt0166090/,"
88
","
278
",6.3,5.9
tt0166160/,"
55
","
92
",5.0,5.9
tt0166175/,"
2,401
","
11,128
",6.8,6.9
tt0166199/,"
58
","
206
",5.0,4.1
tt0166252/,"
1,612
","
1,438
",5.5,5.5
tt0166485/,"
7,147
","
18,213
",6.7,6.7
tt0166601/,"
147
","
289
",5.6,5.8
tt0166635/,"
62
","
187
",6.7,6.7
tt0166653/,"
118
","
2,216
",4.3,4.2
tt0166811/,"
84
","
70
",4.6,4.0
tt0166896/,"
15,259
","
45,507
",8.0,8.0
tt0166943/,"
3,610
","
5,057
",6.8,6.7
tt0166986/,"
100
","
53
",5.0,4.2
tt0167082/,"
115
","
178
",6.0,5.8
tt0167110/,"
100
","
80
",4.9,4.8
tt0167137/,"
189
","
2,862
",6.5,6.9
tt0167150/,"
113
","
123
",5.1,4.0
tt0167215/,"
254
","
401
",4.0,3.8
tt0167245/,"
42
","
100
",4.5,6.7
tt0167249/,"
66
","
73
",5.3,5.1
tt0167331/,"
314
","
3,140
",7.2,8.1
tt0167336/,"
45
","
101
",5.6,5.7
tt0167351/,"
93
","
252
",4.6,6.0
tt0167404/,"
163,065
","
397,776
",8.2,8.1
tt0167423/,"
664
","
566
",5.3,5.6
tt0167427/,"
8,491
","
4,446
",5.1,5.1
tt0167508/,"
79
","
59
",5.2,4.7
tt0167752/,"
1,199
","
2,337
",5.7,5.7
tt0167833/,"
40
","
144
",5.0,5.1
tt0167837/,"
67
","
120
",4.6,3.9
tt0167926/,"
199
","
1,850
",7.1,7.4
tt0168035/,"
103
","
191
",5.6,5.1
tt0168080/,"
229
","
2,184
",6.5,6.5
tt0168123/,"
102
","
1,651
",6.4,7.0
tt0168172/,"
1,981
","
3,215
",2.4,2.6
tt0168199/,"
122
","
199
",6.3,6.4
tt0168501/,"
3,845
","
2,111
",7.0,6.2
tt0168563/,"
154
","
162
",6.0,5.4
tt0168780/,"
104
","
191
",5.8,5.9
tt0168785/,"
213
","
377
",3.7,4.1
tt0168794/,"
816
","
1,349
",6.6,6.7
tt0168805/,"
104
","
147
",5.7,5.6
tt0168848/,"
122
","
77
",5.8,6.6
tt0168942/,"
123
","
84
",6.0,6.1
tt0168987/,"
2,144
","
3,415
",6.3,6.0
tt0169161/,"
98
","
116
",5.0,5.1
tt0169190/,"
185
","
127
",6.1,6.2
tt0169272/,"
76
","
458
",4.5,5.1
tt0169299/,"
1,799
","
2,028
",6.3,6.1
tt0169347/,"
275
","
438
",6.4,6.4
tt0169547/,"
187,759
","
469,451
",8.3,8.3
tt0169638/,"
43
","
283
",4.9,6.1
tt0169832/,"
44
","
355
",5.9,6.4
tt0170049/,"
7
","
84
",9.5,6.4
tt0170107/,"
186
","
443
",4.7,4.5
tt0170161/,"
36
","
68
",5.2,5.6
tt0170181/,"
134
","
351
",7.0,6.9
tt0170223/,"
41
","
212
",5.8,6.6
tt0170259/,"
231
","
2,078
",6.9,7.3
tt0170351/,"
239
","
1,895
",6.6,6.0
tt0170407/,"
14
","
270
",4.0,5.5
tt0170454/,"
115
","
95
",3.6,3.0
tt0170623/,"
37
","
66
",4.5,6.1
tt0170626/,"
32
","
76
",5.5,6.6
tt0171049/,"
406
","
556
",3.8,3.6
tt0171151/,"
104
","
46
",6.1,5.8
tt0171227/,"
403
","
695
",4.3,3.8
tt0171308/,"
89
","
83
",4.8,4.9
tt0171311/,"
112
","
69
",6.1,5.5
tt0171326/,"
163
","
210
",4.6,3.8
tt0171340/,"
176
","
128
",7.3,6.5
tt0171363/,"
18,530
","
31,553
",4.9,5.0
tt0171497/,"
63
","
51
",3.5,3.7
tt0171576/,"
384
","
250
",4.9,5.0
tt0171685/,"
2,042
","
4,853
",7.6,7.4
tt0171698/,"
496
","
398
",6.1,5.9
tt0171791/,"
64
","
104
",4.8,4.8
tt0171804/,"
20,729
","
45,306
",7.6,7.5
tt0171841/,"
110
","
81
",3.9,3.4
tt0171851/,"
178
","
1,727
",5.8,5.9
tt0171865/,"
876
","
2,135
",7.0,7.2
tt0172089/,"
64
","
373
",4.7,5.1
tt0172184/,"
226
","
633
",3.0,3.0
tt0172396/,"
4,353
","
11,233
",7.1,7.1
tt0172469/,"
70
","
188
",5.5,4.2
tt0172477/,"
134
","
454
",7.3,7.1
tt0172493/,"
32,959
","
78,365
",7.2,7.3
tt0172515/,"
65
","
459
",5.1,5.6
tt0172518/,"
94
","
435
",6.0,5.5
tt0172519/,"
148
","
1,270
",3.8,3.9
tt0172574/,"
47
","
243
",3.9,4.5
tt0172619/,"
62
","
33
",3.7,3.9
tt0172627/,"
1,538
","
2,407
",4.8,5.0
tt0172669/,"
739
","
1,667
",4.6,3.9
tt0172704/,"
73
","
365
",3.3,3.1
tt0172726/,"
1,552
","
1,155
",6.0,6.0
tt0173052/,"
129
","
114
",4.4,4.7
tt0173171/,"
55
","
291
",6.1,5.5
tt0173298/,"
45
","
92
",7.3,5.7
tt0173387/,"
46
","
102
",5.5,6.4
tt0173390/,"
403
","
234
",6.3,5.9
tt0173450/,"
37
","
87
",5.0,4.0
tt0173910/,"
137
","
357
",5.6,5.6
tt0173957/,"
253
","
314
",5.2,5.1
tt0174204/,"
952
","
1,670
",4.9,4.7
tt0174255/,"
189
","
543
",4.5,4.3
tt0174268/,"
890
","
1,472
",6.7,6.4
tt0174330/,"
801
","
2,210
",6.5,6.3
tt0174640/,"
38
","
248
",6.9,6.1
tt0174741/,"
454
","
359
",4.4,3.9
tt0174856/,"
18,255
","
46,227
",7.4,7.6
tt0174885/,"
256
","
55
",5.6,5.2
tt0174982/,"
292
","
414
",4.1,4.8
tt0175159/,"
356
","
259
",6.0,5.9
tt0175317/,"
578
","
292
",7.2,6.6
tt0175523/,"
128
","
29
",6.5,6.7
tt0175536/,"
1,111
","
1,048
",5.2,5.6
tt0175555/,"
178
","
114
",4.7,5.0
tt0175593/,"
62
","
62
",4.4,3.9
tt0175876/,"
63
","
204
",5.7,4.1
tt0175877/,"
423
","
917
",5.9,6.0
tt0175880/,"
63,066
","
142,751
",8.0,8.0
tt0175997/,"
174
","
194
",3.6,4.0
tt0176250/,"
123
","
918
",5.4,6.3
tt0176269/,"
5,331
","
15,474
",4.2,4.1
tt0176326/,"
302
","
485
",4.6,4.0
tt0176426/,"
676
","
666
",5.5,5.6
tt0176646/,"
212
","
111
",6.6,5.3
tt0176686/,"
46
","
250
",6.2,5.2
tt0176700/,"
104
","
162
",4.1,3.4
tt0176741/,"
55
","
201
",3.5,2.6
tt0176948/,"
205
","
150
",5.1,4.9
tt0177073/,"
50
","
160
",6.0,6.3
tt0177215/,"
657
","
496
",5.9,5.8
tt0177242/,"
403
","
4,326
",6.7,6.8
tt0177347/,"
123
","
1,383
",5.9,6.3
tt0177507/,"
262
","
2,998
",6.7,7.7
tt0177514/,"
40
","
80
",7.5,5.4
tt0177572/,"
45
","
76
",5.6,4.6
tt0177746/,"
336
","
986
",6.5,6.3
tt0177747/,"
411
","
1,671
",6.6,6.2
tt0177749/,"
216
","
703
",7.5,7.1
tt0177769/,"
267
","
244
",5.7,5.6
tt0177789/,"
47,939
","
58,610
",7.5,7.2
tt0177886/,"
462
","
340
",3.0,2.8
tt0177898/,"
198
","
197
",4.5,4.5
tt0177943/,"
170
","
367
",5.2,5.5
tt0177967/,"
123
","
182
",5.7,4.7
tt0178022/,"
189
","
637
",6.3,6.5
tt0178084/,"
50
","
59
",4.6,5.5
tt0178122/,"
39
","
92
",4.0,2.5
tt0178223/,"
58
","
538
",7.3,7.3
tt0178675/,"
26
","
144
",4.5,3.7
tt0178704/,"
160
","
239
",6.1,5.9
tt0178721/,"
66
","
433
",6.6,6.2
tt0178725/,"
4
","
93
",6.0,5.5
tt0178737/,"
6,054
","
9,032
",7.2,7.0
tt0178860/,"
115
","
189
",6.4,6.3
tt0178988/,"
992
","
370
",5.4,5.0
tt0178997/,"
30
","
331
",5.9,5.7
tt0179063/,"
143
","
161
",6.4,5.9
tt0179116/,"
9,737
","
9,234
",6.7,6.5
tt0179145/,"
71
","
187
",5.9,5.3
tt0179174/,"
46
","
263
",6.1,6.1
tt0179182/,"
735
","
1,078
",5.3,5.2
tt0179477/,"
340
","
793
",4.6,4.0
tt0179728/,"
36
","
95
",6.4,6.8
tt0179769/,"
238
","
48
",6.3,5.7
tt0179790/,"
97
","
12
",5.4,6.0
tt0179835/,"
47
","
420
",6.7,6.7
tt0179841/,"
299
","
1,790
",5.9,6.2
tt0179952/,"
45
","
255
",5.8,5.3
tt0180037/,"
277
","
1,259
",6.5,6.4
tt0180181/,"
179
","
204
",6.4,6.7
tt0180207/,"
148
","
156
",5.7,5.1
tt0180242/,"
283
","
295
",6.5,6.2
tt0180301/,"
106
","
121
",6.6,5.8
tt0180316/,"
107
","
427
",5.9,6.2
tt0180482/,"
44
","
199
",4.6,4.6
tt0180568/,"
65
","
162
",7.0,5.6
tt0180668/,"
57
","
654
",5.2,5.8
tt0180674/,"
92
","
28
",4.9,10.0
tt0180708/,"
305
","
92
",8.0,5.4
tt0180748/,"
858
","
14,166
",7.2,7.4
tt0180785/,"
40
","
157
",5.8,5.5
tt0180793/,"
381
","
282
",6.0,5.9
tt0180817/,"
14
","
71
",5.8,6.8
tt0180846/,"
107
","
180
",4.3,3.9
tt0180897/,"
132
","
96
",5.4,4.3
tt0181078/,"
12
","
182
",4.7,5.2
tt0181289/,"
43
","
113
",3.3,5.3
tt0181299/,"
197
","
295
",4.1,4.1
tt0181301/,"
67
","
75
",7.1,4.2
tt0181310/,"
89
","
580
",5.3,5.5
tt0181313/,"
45
","
114
",5.9,6.3
tt0181316/,"
16,933
","
37,334
",6.2,6.3
tt0181322/,"
568
","
277
",6.5,5.8
tt0181342/,"
44
","
101
",4.6,4.7
tt0181396/,"
170
","
977
",5.4,6.3
tt0181497/,"
40
","
75
",2.8,3.6
tt0181518/,"
58
","
187
",4.4,5.2
tt0181530/,"
923
","
2,432
",7.6,7.4
tt0181534/,"
63
","
320
",6.7,6.2
tt0181549/,"
85
","
348
",5.8,5.4
tt0181574/,"
43
","
224
",5.4,5.4
tt0181578/,"
44
","
95
",5.1,6.3
tt0181602/,"
447
","
183
",2.9,2.7
tt0181618/,"
513
","
251
",6.9,6.8
tt0181735/,"
68
","
40
",4.4,5.4
tt0181804/,"
157
","
148
",5.4,4.9
tt0181830/,"
389
","
539
",6.7,6.8
tt0181838/,"
318
","
442
",3.4,3.7
tt0181868/,"
110
","
37
",5.6,4.5
tt0181960/,"
423
","
2,522
",7.7,7.7
tt0182006/,"
33
","
593
",5.4,5.0
tt0182070/,"
39
","
74
",4.7,4.4
tt0182306/,"
99
","
124
",5.4,5.5
tt0182357/,"
49
","
225
",6.1,5.8
tt0182526/,"
90
","
98
",4.1,4.3
tt0182776/,"
23
","
95
",7.9,7.3
tt0182789/,"
19,526
","
55,061
",6.6,6.9
tt0182890/,"
68
","
23
",7.3,5.5
tt0182948/,"
86
","
96
",4.7,4.7
tt0182977/,"
17
","
220
",4.8,3.6
tt0182992/,"
88
","
33
",5.5,7.0
tt0183076/,"
58
","
467
",6.0,6.1
tt0183197/,"
138
","
111
",4.8,4.8
tt0183330/,"
49
","
271
",6.4,5.1
tt0183392/,"
110
","
74
",6.6,7.0
tt0183503/,"
853
","
959
",6.7,6.5
tt0183613/,"
188
","
450
",5.9,5.4
tt0183641/,"
70
","
147
",5.8,4.6
tt0183717/,"
146
","
102
",4.5,4.2
tt0183992/,"
125
","
1,775
",5.9,6.1
tt0184005/,"
104
","
1,563
",4.8,5.2
tt0184018/,"
85
","
105
",5.5,4.5
tt0184115/,"
92
","
409
",7.4,7.0
tt0184240/,"
61
","
299
",5.9,6.5
tt0184366/,"
52
","
161
",4.9,5.6
tt0184463/,"
311
","
424
",3.5,2.9
tt0184471/,"
43
","
193
",6.7,7.0
tt0184503/,"
865
","
839
",7.6,6.8
tt0184526/,"
2,418
","
6,778
",6.0,6.0
tt0184819/,"
76
","
207
",5.8,6.6
tt0184948/,"
77
","
34
",4.2,4.6
tt0184979/,"
95
","
115
",7.9,5.8
tt0185101/,"
457
","
800
",6.2,6.2
tt0185125/,"
11,226
","
51,520
",7.9,7.8
tt0185154/,"
88
","
256
",7.1,6.4
tt0185284/,"
463
","
1,422
",4.7,5.0
tt0185354/,"
80
","
94
",6.0,6.5
tt0185371/,"
15,527
","
23,117
",5.7,5.5
tt0185442/,"
124
","
213
",5.5,5.2
tt0185534/,"
61
","
585
",6.0,6.8
tt0185547/,"
92
","
46
",7.0,7.1
tt0185664/,"
63
","
63
",6.5,6.0
tt0185711/,"
110
","
44
",4.2,3.4
tt0185897/,"
50
","
73
",6.1,6.2
tt0185937/,"
53,771
","
107,582
",6.4,6.5
tt0186014/,"
59
","
65
",4.0,3.3
tt0186240/,"
132
","
54
",5.1,6.6
tt0186253/,"
3,308
","
1,710
",7.0,6.7
tt0186397/,"
78
","
369
",6.2,6.0
tt0186547/,"
92
","
150
",4.8,3.1
tt0186730/,"
295
","
1,600
",7.3,7.5
tt0186907/,"
36
","
162
",4.1,2.1
tt0186932/,"
129
","
149
",4.3,4.4
tt0187090/,"
43
","
115
",4.0,4.9
tt0187200/,"
38
","
247
",7.3,6.9
tt0187251/,"
403
","
429
",3.9,3.9
tt0187330/,"
26
","
271
",5.3,4.7
tt0187399/,"
81
","
24
",5.7,4.7
tt0187407/,"
7
","
76
",2.5,2.3
tt0187457/,"
74
","
635
",6.4,6.5
tt0187567/,"
11
","
114
",5.8,5.3
tt0187579/,"
109
","
411
",6.3,6.4
tt0187590/,"
135
","
353
",6.6,6.1
tt0187601/,"
174
","
771
",5.8,6.3
tt0187805/,"
51
","
140
",5.6,6.3
tt0187819/,"
1,373
","
903
",5.1,4.6
tt0187820/,"
101
","
82
",5.2,5.5
tt0187867/,"
44
","
81
",5.0,4.9
tt0187995/,"
223
","
364
",5.0,4.8
tt0188027/,"
116
","
649
",5.3,5.6
tt0188030/,"
1,178
","
4,697
",7.6,7.6
tt0188052/,"
86
","
50
",4.6,5.2
tt0188205/,"
163
","
238
",4.4,4.2
tt0188246/,"
42
","
376
",4.2,4.3
tt0188386/,"
45
","
478
",6.4,5.8
tt0188387/,"
7
","
87
",6.0,5.7
tt0188460/,"
41
","
274
",5.2,6.6
tt0188506/,"
60
","
261
",5.8,5.7
tt0188583/,"
73
","
208
",6.5,4.7
tt0188604/,"
56
","
459
",3.8,3.4
tt0188605/,"
36
","
159
",4.7,6.0
tt0188615/,"
45
","
118
",5.6,4.8
tt0188634/,"
44
","
94
",8.1,5.6
tt0188653/,"
139
","
910
",6.7,7.0
tt0188674/,"
1,728
","
15,078
",6.9,7.1
tt0188694/,"
331
","
70
",5.2,4.4
tt0188750/,"
17
","
101
",7.0,6.9
tt0188757/,"
292
","
64
",6.0,5.4
tt0188766/,"
932
","
3,402
",7.2,7.2
tt0188801/,"
44
","
75
",4.8,6.4
tt0188863/,"
2,248
","
1,518
",5.8,5.7
tt0188925/,"
296
","
172
",3.5,3.4
tt0189041/,"
47
","
274
",5.8,5.6
tt0189092/,"
98
","
467
",6.7,6.9
tt0189102/,"
36
","
202
",7.1,6.8
tt0189118/,"
50
","
112
",6.7,5.9
tt0189142/,"
480
","
1,310
",6.7,6.9
tt0189184/,"
190
","
207
",3.4,3.7
tt0189201/,"
268
","
136
",4.5,4.8
tt0189475/,"
38
","
370
",6.4,5.6
tt0189582/,"
12
","
69
",7.0,6.2
tt0189584/,"
4,197
","
5,854
",6.6,6.6
tt0189592/,"
123
","
894
",5.3,5.8
tt0189630/,"
422
","
887
",6.7,6.8
tt0189727/,"
84
","
51
",3.1,2.7
tt0189744/,"
454
","
670
",6.5,6.2
tt0189791/,"
33
","
247
",3.4,4.1
tt0189810/,"
85
","
210
",4.6,3.8
tt0189811/,"
47
","
298
",7.8,7.2
tt0189916/,"
143
","
1,050
",5.6,5.8
tt0189954/,"
33
","
159
",6.7,6.9
tt0189981/,"
159
","
616
",6.0,6.5
tt0190008/,"
152
","
49
",3.7,4.0
tt0190231/,"
102
","
269
",5.9,5.5
tt0190255/,"
309
","
98
",6.3,6.4
tt0190322/,"
33
","
167
",6.1,1.0
tt0190377/,"
41
","
91
",5.3,6.4
tt0190503/,"
313
","
160
",4.3,4.1
tt0190506/,"
120
","
2,041
",7.2,6.6
tt0190513/,"
107
","
164
",6.0,6.4
tt0190611/,"
287
","
1,442
",7.3,7.0
tt0190798/,"
451
","
2,064
",7.3,7.6
tt0190805/,"
39
","
113
",5.7,5.0
tt0190884/,"
325
","
129
",5.4,5.4
tt0191002/,"
48
","
98
",6.5,6.5
tt0191043/,"
2,172
","
8,762
",8.0,8.2
tt0191076/,"
42
","
141
",5.8,6.8
tt0191176/,"
108
","
57
",3.4,4.4
tt0191235/,"
106
","
80
",4.1,3.9
tt0191353/,"
45
","
175
",6.4,6.6
tt0191498/,"
178
","
83
",5.3,5.1
tt0191610/,"
116
","
309
",6.6,6.3
tt0191644/,"
35
","
73
",3.9,3.0
tt0191774/,"
123
","
187
",2.3,1.9
tt0191821/,"
67
","
580
",5.4,5.7
tt0191911/,"
104
","
123
",4.4,4.0
tt0192013/,"
97
","
76
",6.9,5.3
tt0192097/,"
39
","
198
",6.6,6.6
tt0192194/,"
2,405
","
2,739
",6.5,6.7
tt0192377/,"
137
","
1,740
",8.0,8.4
tt0192512/,"
173
","
109
",5.0,5.1
tt0192576/,"
37
","
99
",6.2,6.2
tt0192638/,"
174
","
276
",5.6,4.9
tt0192657/,"
1,599
","
4,373
",6.6,6.5
tt0192669/,"
136
","
291
",3.1,2.7
tt0192713/,"
65
","
317
",5.9,5.2
tt0192766/,"
303
","
30
",5.6,4.8
tt0192792/,"
81
","
66
",6.0,5.2
tt0193167/,"
158
","
516
",6.8,6.9
tt0193253/,"
2,478
","
8,348
",7.3,7.4
tt0193345/,"
43
","
82
",5.1,6.3
tt0193506/,"
107
","
23
",8.6,4.9
tt0193763/,"
41
","
482
",5.0,6.2
tt0193837/,"
474
","
58
",7.2,6.7
tt0193971/,"
227
","
214
",4.3,4.3
tt0194109/,"
109
","
23
",5.4,2.6
tt0194119/,"
199
","
80
",6.0,6.4
tt0194155/,"
34
","
71
",5.0,5.7
tt0194314/,"
1,785
","
5,518
",5.5,5.2
tt0194378/,"
117
","
633
",6.6,6.9
tt0194530/,"
237
","
690
",6.3,6.5
tt0194710/,"
124
","
175
",6.3,6.5
tt0194722/,"
585
","
1,429
",4.9,4.6
tt0194773/,"
630
","
463
",3.1,2.6
tt0194800/,"
106
","
185
",4.1,3.5
tt0194827/,"
31
","
78
",5.0,5.2
tt0195002/,"
357
","
1,902
",7.5,7.7
tt0195185/,"
57
","
163
",5.7,5.6
tt0195335/,"
41
","
87
",6.8,3.7
tt0195526/,"
40
","
128
",6.7,5.7
tt0195593/,"
95
","
83
",5.5,5.5
tt0195630/,"
135
","
107
",4.9,4.4
tt0195960/,"
47
","
426
",5.0,5.3
tt0195994/,"
170
","
151
",6.3,5.6
tt0196176/,"
45
","
707
",5.0,5.8
tt0196221/,"
143
","
273
",4.3,3.9
tt0196355/,"
99
","
478
",6.1,5.9
tt0196381/,"
33
","
524
",7.5,7.3
tt0196420/,"
29
","
133
",5.7,5.5
tt0196510/,"
45
","
110
",6.5,6.0
tt0196516/,"
154
","
249
",4.9,4.3
tt0196596/,"
166
","
304
",6.2,5.8
tt0196635/,"
137
","
903
",4.3,4.5
tt0196848/,"
185
","
378
",7.5,7.2
tt0196857/,"
3,530
","
4,960
",5.3,5.6
tt0197094/,"
294
","
2,054
",6.7,6.3
tt0197213/,"
391
","
252
",7.0,6.7
tt0197373/,"
51
","
95
",5.2,5.7
tt0197523/,"
194
","
71
",4.2,3.6
tt0197569/,"
794
","
2,528
",6.7,6.9
tt0197732/,"
45
","
150
",5.6,6.8
tt0197752/,"
59
","
338
",5.6,5.6
tt0197870/,"
53
","
114
",4.5,4.3
tt0197922/,"
62
","
66
",5.5,5.2
tt0198006/,"
58
","
89
",7.1,7.1
tt0198294/,"
43
","
88
",5.1,5.3
tt0198297/,"
57
","
212
",6.4,5.6
tt0198586/,"
101
","
131
",6.7,6.3
tt0198668/,"
108
","
148
",7.2,6.5
tt0198837/,"
183
","
2,426
",5.9,6.4
tt0198871/,"
108
","
83
",4.3,4.3
tt0198874/,"
43
","
86
",4.7,5.6
tt0199031/,"
36
","
91
",3.5,4.7
tt0199054/,"
413
","
316
",6.7,6.4
tt0199118/,"
40
","
108
",6.3,6.5
tt0199663/,"
34
","
157
",3.8,5.2
tt0199683/,"
2,319
","
11,445
",7.6,7.8
tt0199724/,"
41
","
129
",6.2,6.3
tt0199772/,"
100
","
97
",2.6,2.7
tt0199776/,"
97
","
646
",6.5,6.6
tt0199777/,"
296
","
1,496
",6.6,6.7
tt0199950/,"
182
","
376
",5.5,5.2
tt0199975/,"
276
","
47
",5.3,5.6
tt0200071/,"
1,669
","
7,975
",7.6,7.5
tt0200087/,"
1,684
","
10,895
",7.8,8.1
tt0200091/,"
46
","
136
",5.3,2.9
tt0200135/,"
158
","
668
",6.2,6.8
tt0200215/,"
59
","
617
",5.8,4.7
tt0200245/,"
67
","
578
",5.0,4.0
tt0200267/,"
154
","
2,269
",7.0,7.4
tt0200435/,"
90
","
371
",4.5,4.9
tt0200469/,"
3,237
","
3,994
",3.9,3.9
tt0200630/,"
44
","
122
",6.1,6.1
tt0200689/,"
56
","
141
",7.4,7.1
tt0200828/,"
40
","
105
",7.6,6.2
tt0201265/,"
207
","
4,581
",6.4,6.8
tt0201290/,"
1,291
","
756
",1.8,2.1
tt0201483/,"
51
","
137
",5.7,6.5
tt0201517/,"
353
","
891
",7.1,6.8
tt0201538/,"
116
","
847
",6.4,6.9
tt0201584/,"
83
","
65
",4.3,4.3
tt0201626/,"
63
","
112
",5.8,5.3
tt0201631/,"
174
","
1,744
",6.8,7.4
tt0201634/,"
93
","
76
",6.7,6.8
tt0201721/,"
71
","
368
",5.4,5.1
tt0201743/,"
69
","
209
",7.1,7.0
tt0201833/,"
50
","
123
",5.4,6.3
tt0201840/,"
588
","
1,525
",7.1,6.9
tt0201951/,"
61
","
104
",6.2,6.1
tt0202055/,"
178
","
654
",7.5,8.0
tt0202077/,"
89
","
195
",6.6,7.2
tt0202130/,"
41
","
89
",6.7,7.1
tt0202223/,"
45
","
65
",5.9,6.6
tt0202233/,"
90
","
221
",4.6,3.3
tt0202249/,"
43
","
287
",6.6,5.8
tt0202283/,"
60
","
268
",6.3,7.2
tt0202287/,"
29
","
78
",6.1,5.7
tt0202381/,"
497
","
6,406
",5.6,6.1
tt0202383/,"
49
","
137
",6.4,6.2
tt0202433/,"
51
","
446
",6.7,6.7
tt0202478/,"
98
","
239
",6.4,6.1
tt0202543/,"
41
","
119
",4.2,4.7
tt0202559/,"
522
","
3,783
",7.2,7.6
tt0202586/,"
111
","
100
",2.9,2.8
tt0202614/,"
128
","
45
",5.6,5.8
tt0202667/,"
28
","
265
",6.2,7.0
tt0202682/,"
96
","
274
",6.9,6.8
tt0202703/,"
28
","
227
",4.2,4.3
tt0202782/,"
68
","
107
",6.0,5.9
tt0202785/,"
43
","
136
",6.1,5.5
tt0202792/,"
47
","
183
",5.7,6.2
tt0203051/,"
48
","
83
",6.1,6.6
tt0203185/,"
228
","
397
",4.2,4.2
tt0203217/,"
6
","
107
",6.1,6.4
tt0203343/,"
646
","
599
",4.5,4.1
tt0203402/,"
53
","
114
",5.5,5.1
tt0203408/,"
2,360
","
1,342
",3.7,3.5
tt0203421/,"
49
","
67
",5.7,5.4
tt0203427/,"
70
","
681
",6.5,6.9
tt0203503/,"
223
","
267
",4.9,5.1
tt0203672/,"
332
","
1,078
",5.9,5.7
tt0204164/,"
78
","
360
",6.3,6.6
tt0204174/,"
76
","
69
",3.7,3.4
tt0204471/,"
40
","
209
",7.3,6.4
tt0204527/,"
82
","
87
",6.4,6.4
tt0204693/,"
36
","
81
",5.5,5.6
tt0204709/,"
854
","
3,098
",7.1,7.1
tt0204736/,"
45
","
128
",7.7,7.0
tt0204741/,"
55
","
155
",8.3,6.6
tt0204823/,"
22
","
103
",3.3,4.6
tt0204870/,"
41
","
100
",5.6,5.5
tt0204972/,"
133
","
26
",5.5,1.0
tt0205000/,"
17,710
","
32,857
",5.6,5.7
tt0205011/,"
66
","
449
",6.0,6.4
tt0205190/,"
75
","
1,791
",6.5,6.1
tt0205451/,"
340
","
182
",7.2,6.5
tt0205725/,"
91
","
624
",6.5,7.1
tt0205735/,"
520
","
2,516
",6.6,6.5
tt0205843/,"
39
","
666
",5.6,5.6
tt0205907/,"
53
","
124
",4.9,5.5
tt0205924/,"
59
","
610
",3.9,4.4
tt0206013/,"
1,684
","
6,824
",7.2,7.2
tt0206020/,"
44
","
152
",4.3,5.3
tt0206067/,"
141
","
805
",5.5,6.0
tt0206117/,"
95
","
633
",6.7,5.9
tt0206151/,"
53
","
179
",6.4,5.1
tt0206216/,"
125
","
591
",7.5,7.1
tt0206285/,"
104
","
100
",4.7,4.6
tt0206334/,"
412
","
1,224
",6.2,5.8
tt0206385/,"
37
","
268
",8.7,7.2
tt0206393/,"
39
","
105
",7.3,6.4
tt0206427/,"
23
","
103
",5.3,4.7
tt0206921/,"
391
","
2,521
",5.8,6.1
tt0207212/,"
63
","
39
",4.5,5.0
tt0207341/,"
374
","
2,367
",5.5,5.5
tt0207363/,"
40
","
127
",6.0,5.3
tt0207513/,"
89
","
330
",3.5,3.1
tt0207943/,"
66
","
77
",6.2,5.7
tt0208088/,"
44
","
71
",5.9,6.3
tt0208100/,"
12
","
117
",5.8,6.7
tt0208176/,"
40
","
131
",5.4,7.0
tt0208178/,"
202
","
436
",6.8,6.9
tt0208190/,"
40
","
158
",7.8,7.1
tt0208288/,"
49
","
125
",6.1,6.4
tt0208348/,"
72
","
144
",5.7,6.4
tt0208393/,"
84
","
42
",4.3,4.1
tt0208394/,"
42
","
139
",4.4,4.0
tt0208495/,"
63
","
56
",5.7,5.0
tt0208554/,"
46
","
163
",6.0,7.0
tt0208606/,"
138
","
2,120
",6.8,7.4
tt0208694/,"
58
","
260
",6.0,6.3
tt0208697/,"
143
","
206
",5.7,4.8
tt0208783/,"
55
","
323
",6.8,6.5
tt0208871/,"
73
","
280
",5.6,5.5
tt0208997/,"
33
","
91
",5.8,4.6
tt0209043/,"
50
","
176
",6.0,6.0
tt0209055/,"
102
","
152
",6.6,5.8
tt0209174/,"
218
","
1,546
",5.7,5.9
tt0209187/,"
54
","
369
",7.1,7.1
tt0209189/,"
1,471
","
4,636
",7.6,7.7
tt0209223/,"
91
","
320
",6.4,6.1
tt0209263/,"
60
","
237
",3.1,3.2
tt0209280/,"
45
","
211
",7.5,6.8
tt0209296/,"
44
","
143
",5.3,6.2
tt0209320/,"
89
","
82
",5.7,4.7
tt0209368/,"
203
","
489
",5.5,5.7
tt0209445/,"
58
","
218
",7.1,6.7
tt0209463/,"
1,335
","
5,457
",7.5,7.5
tt0209885/,"
68
","
136
",6.1,6.8
tt0209912/,"
45
","
90
",5.9,7.2
tt0209933/,"
2,024
","
5,106
",7.4,7.3
tt0210056/,"
47
","
618
",6.5,5.9
tt0210112/,"
118
","
147
",5.2,5.0
tt0210163/,"
57
","
477
",6.1,6.4
tt0210167/,"
59
","
515
",7.1,7.3
tt0210200/,"
79
","
190
",6.5,6.5
tt0210225/,"
50
","
540
",4.8,5.1
tt0210234/,"
4,195
","
9,131
",5.8,6.0
tt0210249/,"
156
","
382
",7.4,7.2
tt0210302/,"
449
","
1,331
",6.8,6.8
tt0210377/,"
41
","
71
",6.3,6.3
tt0210389/,"
554
","
575
",6.4,6.8
tt0210579/,"
44
","
189
",4.5,5.3
tt0210629/,"
43
","
318
",6.3,6.6
tt0210631/,"
29
","
167
",4.5,6.2
tt0210651/,"
49
","
118
",6.1,6.5
tt0210717/,"
384
","
1,172
",6.5,6.8
tt0210727/,"
881
","
2,913
",7.6,7.4
tt0210741/,"
235
","
100
",6.7,6.1
tt0210786/,"
89
","
126
",6.0,5.5
tt0210809/,"
91
","
256
",7.4,6.6
tt0210843/,"
146
","
2,137
",7.4,7.2
tt0210915/,"
54
","
326
",6.6,7.4
tt0210916/,"
245
","
797
",8.0,7.7
tt0211286/,"
339
","
948
",6.8,6.2
tt0211303/,"
45
","
83
",4.4,4.1
tt0211310/,"
45
","
139
",7.4,6.9
tt0211344/,"
47
","
151
",5.1,5.2
tt0211347/,"
44
","
92
",7.0,2.7
tt0211358/,"
55
","
237
",4.0,4.0
tt0211359/,"
66
","
510
",7.5,6.9
tt0211372/,"
46
","
139
",4.8,4.7
tt0211401/,"
58
","
272
",7.6,7.2
tt0211413/,"
99
","
382
",6.7,6.8
tt0211445/,"
56
","
255
",6.1,6.4
tt0211504/,"
110
","
422
",6.4,6.5
tt0211577/,"
172
","
322
",5.6,5.5
tt0211714/,"
52
","
223
",6.0,5.0
tt0211719/,"
84
","
79
",6.1,5.5
tt0211934/,"
817
","
9,690
",6.5,6.8
tt0211954/,"
79
","
41
",3.5,5.1
tt0212233/,"
24
","
613
",4.2,4.6
tt0212311/,"
61
","
256
",5.7,5.8
tt0212517/,"
235
","
191
",5.8,5.9
tt0212522/,"
52
","
93
",6.2,6.4
tt0212537/,"
143
","
148
",4.6,4.7
tt0212573/,"
211
","
897
",7.0,6.6
tt0212615/,"
149
","
137
",6.5,5.8
tt0212772/,"
104
","
60
",6.5,6.1
tt0212854/,"
79
","
339
",6.3,6.0
tt0212864/,"
205
","
826
",6.0,5.9
tt0212936/,"
106
","
298
",6.3,6.5
tt0213121/,"
448
","
881
",6.7,7.1
tt0213134/,"
59
","
426
",6.0,5.4
tt0213159/,"
61
","
204
",5.1,4.2
tt0213195/,"
40
","
116
",6.8,6.8
tt0213245/,"
198
","
305
",5.6,5.5
tt0213314/,"
128
","
589
",7.6,7.1
tt0213664/,"
46
","
130
",5.3,2.3
tt0213682/,"
1,160
","
4,275
",6.7,6.9
tt0213695/,"
117
","
337
",7.4,7.0
tt0213702/,"
35
","
92
",5.8,6.5
tt0213724/,"
71
","
100
",3.5,3.2
tt0213753/,"
45
","
305
",4.6,6.1
tt0213775/,"
47
","
378
",4.9,5.3
tt0213905/,"
112
","
652
",6.7,7.0
tt0213969/,"
396
","
2,299
",8.0,7.9
tt0214073/,"
14
","
110
",4.8,6.2
tt0214178/,"
213
","
1,452
",6.0,6.1
tt0214292/,"
49
","
265
",5.4,6.8
tt0214299/,"
155
","
178
",5.7,5.0
tt0214555/,"
105
","
410
",6.7,6.7
tt0214557/,"
74
","
77
",5.8,5.5
tt0214605/,"
275
","
411
",6.8,6.6
tt0214608/,"
55
","
256
",7.7,6.7
tt0214819/,"
66
","
65
",4.2,5.7
tt0214931/,"
150
","
540
",5.2,5.5
tt0215163/,"
40
","
95
",3.4,4.8
tt0215196/,"
67
","
129
",6.3,6.5
tt0215240/,"
120
","
347
",7.4,7.0
tt0215245/,"
109
","
337
",6.2,5.8
tt0215369/,"
1,105
","
1,780
",7.5,7.4
tt0215383/,"
28
","
78
",5.1,4.5
tt0215557/,"
108
","
101
",3.7,4.0
tt0215906/,"
38
","
76
",5.2,6.6
tt0215919/,"
48
","
350
",5.9,6.6
tt0215993/,"
38
","
126
",7.1,6.9
tt0216165/,"
873
","
3,265
",7.3,7.3
tt0216204/,"
46
","
61
",5.9,7.0
tt0216207/,"
70
","
55
",5.3,5.2
tt0216295/,"
42
","
78
",6.3,6.2
tt0216386/,"
103
","
576
",6.1,5.7
tt0216569/,"
71
","
47
",6.2,5.5
tt0216707/,"
139
","
618
",4.7,5.1
tt0216817/,"
598
","
2,958
",6.1,6.1
tt0216938/,"
15
","
76
",6.8,5.9
tt0216986/,"
280
","
5,663
",6.9,7.1
tt0216993/,"
43
","
91
",7.6,5.3
tt0217076/,"
39
","
190
",6.6,5.9
tt0217136/,"
138
","
159
",6.1,6.0
tt0217260/,"
63
","
565
",4.1,4.3
tt0217334/,"
89
","
86
",4.6,5.0
tt0217351/,"
40
","
104
",5.9,5.6
tt0217608/,"
15
","
86
",4.1,4.3
tt0217680/,"
292
","
920
",6.4,6.5
tt0217681/,"
51
","
80
",5.4,6.4
tt0217811/,"
124
","
466
",6.7,6.2
tt0217862/,"
54
","
336
",7.1,7.0
tt0217894/,"
399
","
91
",7.4,5.8
tt0218430/,"
49
","
273
",5.8,6.9
tt0218553/,"
1,494
","
7,507
",5.9,5.9
tt0218564/,"
55
","
55
",5.6,6.8
tt0218599/,"
46
","
78
",3.9,3.8
tt0218604/,"
85
","
137
",3.6,3.0
tt0218705/,"
119
","
276
",7.5,7.2
tt0219096/,"
314
","
196
",2.1,2.3
tt0219126/,"
158
","
196
",4.9,5.2
tt0219394/,"
41
","
108
",8.1,6.4
tt0219682/,"
40
","
120
",6.3,5.7
tt0219761/,"
85
","
177
",6.2,6.3
tt0219887/,"
92
","
202
",6.8,6.3
tt0220016/,"
157
","
2,186
",6.3,6.5
tt0220018/,"
26
","
71
",5.9,5.6
tt0220095/,"
206
","
245
",4.8,4.6
tt0220363/,"
92
","
714
",7.0,7.2
tt0220396/,"
46
","
71
",6.0,6.4
tt0220400/,"
23
","
77
",5.4,5.2
tt0220507/,"
250
","
871
",6.8,6.8
tt0220594/,"
73
","
312
",4.7,5.1
tt0220597/,"
102
","
474
",5.0,5.3
tt0220616/,"
39
","
81
",5.8,6.1
tt0220644/,"
804
","
2,946
",7.3,7.5
tt0220656/,"
686
","
2,574
",8.0,8.2
tt0220703/,"
37
","
295
",6.5,6.2
tt0220726/,"
388
","
1,590
",7.2,7.3
tt0220757/,"
239
","
1,585
",7.5,7.6
tt0220762/,"
24
","
19
",9.2,1.6
tt0220799/,"
11
","
69
",3.8,4.3
tt0220806/,"
679
","
1,514
",6.6,6.4
tt0220832/,"
845
","
5,797
",7.7,7.9
tt0220982/,"
81
","
88
",4.7,4.0
tt0221063/,"
89
","
548
",6.9,6.5
tt0221314/,"
35
","
124
",3.5,5.3
tt0221321/,"
29
","
86
",5.8,6.5
tt0221344/,"
623
","
2,862
",7.7,7.9
tt0221635/,"
60
","
532
",5.2,4.9
tt0221794/,"
158
","
80
",5.6,5.6
tt0222027/,"
48
","
297
",7.1,7.4
tt0222368/,"
900
","
4,446
",5.6,5.9
tt0222719/,"
141
","
118
",4.4,3.8
tt0222724/,"
60
","
98
",7.5,6.5
tt0223323/,"
45
","
105
",4.8,6.2
tt0223530/,"
470
","
968
",6.5,6.4
tt0223603/,"
25
","
102
",7.6,6.2
tt0224156/,"
122
","
45
",6.4,7.0
tt0224345/,"
121
","
358
",6.5,6.5
tt0225339/,"
102
","
155
",4.4,4.4
tt0225346/,"
122
","
50
",5.9,5.8
tt0225515/,"
129
","
639
",5.2,5.3
tt0225535/,"
253
","
2,174
",7.3,7.9
tt0225836/,"
17
","
120
",5.7,5.9
tt0226204/,"
50
","
92
",5.6,6.1
tt0226362/,"
198
","
94
",4.1,3.0
tt0226451/,"
15
","
81
",6.8,6.3
tt0226587/,"
33
","
87
",5.0,4.6
tt0226663/,"
62
","
223
",5.9,5.7
tt0226693/,"
87
","
407
",6.1,6.2
tt0226720/,"
35
","
72
",6.0,6.2
tt0226786/,"
41
","
304
",4.9,5.3
tt0226847/,"
153
","
843
",4.3,4.7
tt0227034/,"
84
","
1,202
",6.9,7.1
tt0228048/,"
94
","
305
",6.9,7.1
tt0228073/,"
48
","
195
",6.8,5.8
tt0228142/,"
20
","
64
",5.5,5.5
tt0228165/,"
10
","
90
",5.8,6.2
tt0228237/,"
50
","
109
",3.1,3.3
tt0228685/,"
116
","
172
",7.7,6.1
tt0228778/,"
34
","
323
",2.0,1.7
tt0228807/,"
119
","
388
",6.4,6.2
tt0228964/,"
45
","
189
",4.1,3.0
tt0228968/,"
102
","
89
",4.6,4.3
tt0229403/,"
26
","
107
",6.4,6.2
tt0229414/,"
58
","
130
",6.9,6.2
tt0229539/,"
54
","
167
",5.7,6.3
tt0229557/,"
56
","
258
",5.8,5.0
tt0229625/,"
219
","
311
",6.0,6.2
tt0230167/,"
57
","
56
",5.8,5.9
tt0230265/,"
101
","
54
",5.2,4.8
tt0230347/,"
146
","
778
",5.0,5.5
tt0230656/,"
15
","
246
",5.8,5.9
tt0231138/,"
423
","
615
",2.3,1.9
tt0231192/,"
7
","
132
",5.8,6.4
tt0231325/,"
54
","
387
",6.1,6.1
tt0231846/,"
35
","
82
",5.5,6.8
tt0231866/,"
34
","
103
",6.8,6.2
tt0232060/,"
9
","
75
",6.0,6.5
tt0232295/,"
83
","
529
",5.8,6.8
tt0232492/,"
10
","
153
",6.0,6.1
tt0232611/,"
276
","
846
",6.5,6.3
tt0232622/,"
66
","
155
",6.0,5.4
tt0233234/,"
99
","
620
",7.9,8.0
tt0233691/,"
140
","
191
",5.3,5.9
tt0233798/,"
89
","
485
",5.7,6.3
tt0233808/,"
68
","
116
",6.7,6.6
tt0233839/,"
20
","
132
",6.6,6.7
tt0233856/,"
453
","
1,972
",4.5,4.6
tt0234105/,"
89
","
260
",6.4,5.9
tt0234116/,"
74
","
341
",7.0,7.4
tt0234217/,"
314
","
3,402
",7.2,7.4
tt0234304/,"
72
","
133
",7.1,7.0
tt0234324/,"
18
","
108
",5.6,5.4
tt0234458/,"
48
","
306
",6.2,6.4
tt0234793/,"
81
","
29
",4.7,7.8
tt0234899/,"
25
","
122
",6.3,7.1
tt0235060/,"
2,407
","
6,806
",7.8,7.8
tt0235154/,"
602
","
894
",7.2,7.1
tt0235179/,"
25
","
120
",7.8,7.3
tt0235198/,"
16,352
","
37,381
",7.3,7.1
tt0235413/,"
10
","
169
",3.4,6.2
tt0235449/,"
57
","
209
",6.2,6.8
tt0235452/,"
136
","
546
",7.4,7.3
tt0235546/,"
76
","
73
",4.3,4.7
tt0235847/,"
63
","
67
",3.8,3.5
tt0235872/,"
76
","
22
",5.2,4.4
tt0236090/,"
63
","
448
",3.6,4.2
tt0236180/,"
42
","
223
",3.8,6.5
tt0236471/,"
321
","
129
",3.1,3.6
tt0236524/,"
14
","
145
",6.5,5.6
tt0237400/,"
64
","
123
",6.0,5.7
tt0238825/,"
47
","
425
",3.8,5.6
tt0239549/,"
38
","
81
",5.4,5.0
tt0239715/,"
78
","
57
",5.8,5.5
tt0240084/,"
158
","
836
",7.4,7.5
tt0240221/,"
44
","
248
",7.2,7.0
tt0240559/,"
47
","
104
",5.1,5.0
tt0240732/,"
216
","
228
",5.7,3.7
tt0240869/,"
42
","
198
",5.9,7.0
tt0240968/,"
64
","
60
",6.9,5.0
tt0241753/,"
37
","
145
",6.6,7.1
tt0242073/,"
41
","
69
",4.8,7.2
tt0243218/,"
68
","
205
",6.9,7.3
tt0243558/,"
396
","
559
",7.0,7.0
tt0244199/,"
60
","
247
",6.5,6.1
tt0244216/,"
30
","
55
",3.6,2.8
tt0244794/,"
118
","
763
",5.6,6.1
tt0245192/,"
229
","
4,282
",5.5,5.7
tt0245243/,"
8
","
107
",7.3,6.9
tt0245704/,"
50
","
197
",6.6,6.0
tt0245768/,"
29
","
50
",4.9,4.5
tt0245892/,"
43
","
202
",7.1,6.1
tt0245961/,"
44
","
98
",5.2,5.0
tt0246240/,"
31
","
126
",5.9,6.3
tt0246687/,"
53
","
268
",5.9,6.5
tt0246880/,"
121
","
65
",3.8,2.9
tt0247613/,"
1,875
","
4,353
",7.9,7.6
tt0247783/,"
49
","
205
",5.8,6.6
tt0248325/,"
15
","
68
",5.9,6.0
tt0248568/,"
185
","
203
",5.2,5.3
tt0250372/,"
9
","
61
",6.3,4.1
tt0251833/,"
26
","
155
",7.2,6.5
tt0253122/,"
88
","
41
",3.8,4.5
tt0253394/,"
89
","
60
",4.3,4.0
tt0253956/,"
57
","
53
",5.5,5.6
tt0254463/,"
132
","
2,176
",7.2,7.5
tt0254494/,"
65
","
128
",6.2,5.5
tt0254928/,"
16
","
95
",6.2,6.1
tt0255043/,"
18
","
126
",6.3,6.6
tt0255155/,"
16
","
106
",6.4,6.3
tt0255178/,"
52
","
373
",7.9,7.3
tt0255295/,"
11
","
76
",7.7,7.0
tt0255426/,"
40
","
234
",6.8,6.7
tt0255466/,"
22
","
156
",7.1,6.9
tt0255468/,"
11
","
114
",6.3,6.1
tt0255664/,"
22
","
251
",6.2,6.4
tt0255671/,"
16
","
86
",7.2,6.7
tt0255673/,"
12
","
92
",6.0,5.9
tt0255675/,"
33
","
308
",7.8,7.6
tt0256083/,"
104
","
118
",2.4,2.5
tt0256150/,"
103
","
42
",5.3,6.1
tt0256213/,"
71
","
90
",7.0,7.1
tt0257844/,"
91
","
187
",6.3,6.1
tt0257909/,"
49
","
513
",6.7,6.3
tt0258638/,"
6
","
87
",4.1,6.5
tt0258766/,"
314
","
856
",7.1,6.8
tt0260066/,"
11
","
91
",3.9,4.1
tt0261005/,"
25
","
177
",6.9,6.3
tt0261009/,"
10
","
99
",6.4,6.5
tt0261243/,"
123
","
856
",7.2,7.4
tt0262002/,"
118
","
237
",5.4,5.0
tt0262246/,"
1,047
","
2,176
",7.2,6.9
tt0262264/,"
76
","
333
",6.6,6.6
tt0262411/,"
134
","
69
",5.0,3.5
tt0262627/,"
6
","
105
",5.2,6.9
tt0263294/,"
47
","
434
",5.5,5.8
tt0263854/,"
37
","
167
",5.4,5.6
tt0264357/,"
30
","
136
",6.8,6.6
tt0265730/,"
280
","
1,037
",7.9,8.0
tt0266075/,"
725
","
1,734
",6.5,6.3
tt0267116/,"
983
","
1,699
",6.6,6.3
tt0267455/,"
163
","
127
",5.2,5.0
tt0267548/,"
247
","
1,621
",6.0,6.1
tt0267703/,"
19
","
149
",2.7,3.5
tt0267928/,"
46
","
121
",3.1,2.3
tt0268896/,"
36
","
571
",7.1,7.1
tt0269401/,"
88
","
139
",4.9,4.4
tt0271595/,"
139
","
478
",8.6,7.4
tt0271636/,"
45
","
261
",7.9,7.1
tt0271677/,"
15
","
91
",6.3,5.7
tt0271693/,"
21
","
121
",7.3,6.5
tt0272062/,"
82
","
403
",3.9,4.7
tt0272183/,"
176
","
151
",6.1,5.7
tt0272299/,"
63
","
84
",5.7,5.8
tt0272425/,"
567
","
757
",2.7,2.6
tt0273133/,"
74
","
91
",3.2,3.7
tt0273169/,"
276
","
234
",4.6,4.2
tt0274621/,"
41
","
59
",7.5,6.6
tt0274959/,"
11
","
105
",4.2,5.4
tt0275195/,"
27
","
194
",7.1,6.7
tt0275362/,"
94
","
287
",6.4,6.1
tt0276329/,"
123
","
466
",6.6,6.8
tt0276370/,"
79
","
97
",6.2,6.7
tt0277555/,"
53
","
31
",4.8,4.1
tt0277663/,"
148
","
137
",5.9,5.0
tt0278315/,"
91
","
452
",4.5,5.2
tt0278408/,"
59
","
79
",5.1,4.2
tt0279986/,"
24
","
195
",6.7,6.9
tt0280496/,"
60
","
182
",3.9,4.2
tt0280889/,"
13
","
125
",5.2,6.3
tt0281656/,"
75
","
216
",7.5,7.0
tt0281913/,"
42
","
308
",3.7,4.2
tt0282186/,"
107
","
63
",4.5,4.7
tt0282268/,"
26
","
162
",3.5,4.6
tt0282275/,"
34
","
200
",3.1,3.7
tt0284260/,"
110
","
66
",3.5,3.5
tt0284681/,"
15
","
121
",6.7,6.7
tt0284811/,"
114
","
573
",4.5,5.2
tt0285665/,"
269
","
1,721
",8.2,8.5
tt0286069/,"
107
","
83
",4.7,4.7
tt0286478/,"
21
","
153
",2.9,3.7
tt0286640/,"
17
","
118
",3.2,3.5
tt0286672/,"
20
","
197
",3.9,4.5
tt0286705/,"
17
","
121
",4.8,6.5
tt0286741/,"
57
","
84
",4.8,5.2
tt0286910/,"
31
","
190
",4.9,4.5
tt0287320/,"
41
","
648
",4.2,4.6
tt0288803/,"
4
","
130
",4.0,6.5
tt0288831/,"
60
","
46
",5.3,5.2
tt0289226/,"
10
","
90
",6.1,6.8
tt0289424/,"
419
","
1,184
",6.2,6.0
tt0289670/,"
58
","
62
",3.8,5.6
tt0290258/,"
18
","
121
",3.0,2.8
tt0291501/,"
32
","
73
",6.5,5.8
tt0291711/,"
13
","
88
",5.7,5.9
tt0292246/,"
409
","
1,480
",8.6,8.4
tt0292606/,"
14
","
100
",2.5,3.2
tt0293304/,"
37
","
53
",7.6,4.6
tt0293464/,"
64
","
80
",5.5,5.3
tt0295539/,"
32
","
119
",5.4,4.6
tt0296649/,"
40
","
58
",5.2,5.8
tt0297472/,"
36
","
82
",6.8,6.0
tt0297990/,"
23
","
67
",7.2,5.9
tt0298527/,"
139
","
25
",6.8,1.9
tt0299502/,"
84
","
1,955
",7.0,7.0
tt0301050/,"
199
","
662
",7.3,7.2
tt0301082/,"
297
","
745
",7.4,7.2
tt0302031/,"
69
","
270
",6.3,6.0
tt0304664/,"
69
","
188
",5.6,5.8
tt0305952/,"
29
","
367
",7.3,6.8
tt0306071/,"
23
","
137
",6.1,6.8
tt0308875/,"
29
","
112
",7.9,7.4
tt0313965/,"
14
","
87
",6.3,6.3
tt0315870/,"
193
","
608
",6.9,6.6
tt0318605/,"
17
","
140
",4.3,5.4
tt0320109/,"
20
","
74
",5.4,5.1
tt0322132/,"
43
","
423
",7.0,6.9
tt0322250/,"
11
","
87
",6.2,6.4
tt0331508/,"
66
","
79
",5.3,4.7
tt0332313/,"
12
","
56
",4.1,3.7
tt0337625/,"
31
","
225
",4.5,5.0
tt0339174/,"
72
","
56
",3.7,3.0
tt0343048/,"
26
","
118
",3.5,4.3
tt0344065/,"
14
","
143
",4.5,5.3
tt0344290/,"
29
","
124
",4.5,4.7
tt0344435/,"
8
","
94
",3.4,3.8
tt0346647/,"
64
","
59
",5.3,5.4
tt0348060/,"
98
","
272
",5.2,6.0
tt0354946/,"
14
","
107
",4.9,5.3
tt0355167/,"
14
","
101
",6.5,6.5
tt0355743/,"
88
","
559
",7.7,7.9
tt0355831/,"
11
","
85
",7.0,7.2
tt0355926/,"
14
","
120
",7.0,6.8
tt0356134/,"
40
","
117
",6.3,6.8
tt0367608/,"
61
","
79
",3.5,3.6
tt0368400/,"
120
","
910
",7.6,7.7
tt0375791/,"
30
","
203
",4.1,4.2
tt0377008/,"
43
","
89
",6.6,6.3
tt0377321/,"
46
","
401
",6.9,7.4
tt0380242/,"
31
","
87
",6.2,6.2
tt0382114/,"
66
","
106
",6.9,7.0
tt0383678/,"
850
","
1,678
",8.1,7.7
tt0391903/,"
13
","
120
",3.5,7.2
tt0395802/,"
76
","
420
",4.2,5.0
tt0414658/,"
8
","
68
",6.1,4.6
tt0417396/,"
24
","
246
",6.3,6.4
tt0419787/,"
89
","
781
",6.5,6.3
tt0424769/,"
87
","
757
",7.0,6.6
tt0431785/,"
26
","
163
",3.3,4.8
tt0441912/,"
19
","
76
",7.3,6.8
tt0446158/,"
12
","
42
",4.4,5.1
tt0461126/,"
80
","
53
",5.8,3.6
tt0484010/,"
7
","
434
",2.7,3.7
tt0485205/,"
11
","
70
",3.9,5.6
tt0485243/,"
16
","
111
",5.5,6.2
tt0491197/,"
417
","
101
",6.9,6.5
tt0494505/,"
82
","
335
",7.9,5.7
tt0494641/,"
41
","
116
",8.3,5.4
tt0780061/,"
108
","
1,325
",8.1,8.0
tt0785000/,"
65
","
759
",6.6,6.2
tt0826076/,"
6
","
76
",5.6,6.1
tt0910579/,"
25
","
85
",5.5,6.6
tt0923719/,"
50
","
456
",6.6,6.6
tt0984177/,"
73
","
563
",7.0,6.9
tt1022547/,"
8
","
131
",4.9,6.2
tt1054062/,"
25
","
91
",5.4,5.8
tt1067920/,"
165
","
983
",7.8,7.4
tt1105387/,"
13
","
83
",4.1,3.7
tt1130991/,"
8
","
94
",4.0,3.6
tt1147512/,"
18
","
71
",7.2,6.7
tt1147514/,"
13
","
64
",6.9,6.4
tt1192385/,"
9
","
59
",4.9,5.2
tt1212129/,"
4
","
223
",5.0,2.9
tt1266068/,"
5
","
83
",4.0,6.8
tt1517561/,"
106
","
750
",7.5,7.4
tt1527064/,"
45
","
430
",5.8,5.7
tt1527211/,"
54
","
571
",7.3,7.2
tt1530535/,"
274
","
1,045
",8.3,8.1
tt1575666/,"
27
","
233
",7.2,7.2
tt1575672/,"
33
","
188
",7.4,6.5
tt1623780/,"
889
","
1,025
",1.6,1.7
tt1641614/,"
12
","
90
",4.2,4.6
tt1919064/,"
25
","
192
",6.1,6.3
tt1949115/,"
26
","
269
",5.6,6.1
tt2010915/,"
15
","
96
",7.7,7.5
tt2083354/,"
10
","
78
",7.8,6.3
tt2098658/,"
15
","
86
",6.2,6.7
tt2327589/,"
16
","
116
",7.2,6.9
tt2330098/,"
99
","
720
",7.9,8.2
tt2330912/,"
102
","
226
",7.8,7.3
tt2343373/,"
90
","
99
",6.7,4.4
tt2354019/,"
8
","
77
",4.4,5.1
tt2378378/,"
11
","
55
",4.3,6.4
tt2380272/,"
13
","
57
",4.2,6.0
tt2380288/,"
11
","
90
",5.6,6.4
tt3189256/,"
158
","
717
",8.1,8.2
tt3902726/,"
37
","
156
",7.8,7.9
tt4641882/,"
199
","
248
",8.2,8.2
tt5226670/,"
13
","
49
",4.4,5.5
tt5378096/,"
36
","
117
",7.8,6.9
tt7376410/,"
15
","
321
",5.0,7.3
tt7562630/,"
26
","
110
",6.2,5.8
